2020-06-01 01:00:00,XRPUSD,42409,0.2036,0.2037,2508
2020-06-01 02:00:00,XRPUSD,5069,0.2048,0.2049,25266
2020-06-01 03:00:00,XRPUSD,21803,0.2049,0.205,17883
2020-06-01 04:00:00,XRPUSD,10419,0.2051,0.2052,71860
2020-06-01 05:00:00,XRPUSD,44703,0.2047,0.2048,25230
2020-06-01 06:00:00,XRPUSD,43183,0.2042,0.2043,4370
2020-06-01 07:00:00,XRPUSD,6470,0.2041,0.2042,230483
2020-06-01 08:00:00,XRPUSD,26316,0.2051,0.2052,26370
2020-06-01 09:00:00,XRPUSD,83648,0.2043,0.2045,10000
2020-06-01 10:00:00,XRPUSD,49080,0.2036,0.2037,17094
2020-06-01 11:00:00,XRPUSD,28150,0.2045,0.2046,22239
2020-06-01 12:00:00,XRPUSD,2091,0.2036,0.2037,61457
2020-06-01 13:00:00,XRPUSD,724,0.2049,0.205,269230
2020-06-01 14:00:00,XRPUSD,62911,0.2049,0.205,6964
2020-06-01 15:00:00,XRPUSD,69711,0.2054,0.2055,4093
2020-06-01 16:00:00,XRPUSD,85084,0.2046,0.2047,6359
2020-06-01 17:00:00,XRPUSD,61228,0.2054,0.2055,322
2020-06-01 18:00:00,XRPUSD,31401,0.2047,0.2048,47185
2020-06-01 19:00:00,XRPUSD,6286,0.205,0.2051,100920
2020-06-01 20:00:00,XRPUSD,265600,0.2051,0.2052,571
2020-06-01 21:00:00,XRPUSD,44147,0.2071,0.2072,13242
2020-06-01 22:00:00,XRPUSD,20573,0.2074,0.2075,8829
2020-06-01 23:00:00,XRPUSD,63554,0.2091,0.2092,5982
2020-06-02 00:00:00,XRPUSD,5431,0.2118,0.2119,7001
2020-06-02 01:00:00,XRPUSD,111935,0.2109,0.211,14606
2020-06-02 02:00:00,XRPUSD,35111,0.2125,0.2126,2164
2020-06-02 03:00:00,XRPUSD,1846,0.2114,0.2115,42469
2020-06-02 04:00:00,XRPUSD,7100,0.2106,0.2108,89558
2020-06-02 05:00:00,XRPUSD,39602,0.2113,0.2114,12743
2020-06-02 06:00:00,XRPUSD,22782,0.2115,0.2116,15009
2020-06-02 07:00:00,XRPUSD,22542,0.2115,0.2116,41573
2020-06-02 08:00:00,XRPUSD,212314,0.2119,0.212,544
2020-06-02 09:00:00,XRPUSD,59591,0.2114,0.2115,28359
2020-06-02 10:00:00,XRPUSD,14054,0.2122,0.2123,17173
2020-06-02 11:00:00,XRPUSD,10181,0.2146,0.2147,9812
2020-06-02 12:00:00,XRPUSD,12000,0.2136,0.2137,28035
2020-06-02 13:00:00,XRPUSD,192153,0.2134,0.2135,416
2020-06-02 14:00:00,XRPUSD,161466,0.2138,0.2139,104179
2020-06-02 15:00:00,XRPUSD,294,0.2003,0.2004,24248
2020-06-02 16:00:00,XRPUSD,181948,0.2005,0.2006,146
2020-06-02 17:00:00,XRPUSD,28390,0.2008,0.2009,24972
2020-06-02 18:00:00,XRPUSD,66119,0.2015,0.2016,9375
2020-06-02 19:00:00,XRPUSD,85364,0.2009,0.201,210161
2020-06-02 20:00:00,XRPUSD,17116,0.2011,0.2012,100708
2020-06-02 21:00:00,XRPUSD,2635,0.2017,0.2018,20296
2020-06-02 22:00:00,XRPUSD,67943,0.203,0.2031,1371
2020-06-02 23:00:00,XRPUSD,38401,0.2023,0.2024,4789
2020-06-03 00:00:00,XRPUSD,3287,0.203,0.2031,6349
2020-06-03 01:00:00,XRPUSD,59579,0.2028,0.2029,2949
2020-06-03 02:00:00,XRPUSD,27218,0.2023,0.2024,39565
2020-06-03 03:00:00,XRPUSD,17700,0.2015,0.2016,25656
2020-06-03 04:00:00,XRPUSD,29435,0.2017,0.2018,26149
2020-06-03 05:00:00,XRPUSD,6061,0.2022,0.2023,222202
2020-06-03 06:00:00,XRPUSD,28997,0.203,0.2031,31070
2020-06-03 07:00:00,XRPUSD,4835,0.203,0.2031,83474
2020-06-03 08:00:00,XRPUSD,7669,0.2027,0.2028,26776
2020-06-03 09:00:00,XRPUSD,10764,0.2026,0.2027,60188
2020-06-03 10:00:00,XRPUSD,26717,0.2031,0.2032,65060
2020-06-03 11:00:00,XRPUSD,2525,0.2042,0.2043,19185
2020-06-03 12:00:00,XRPUSD,30315,0.2039,0.204,257
2020-06-03 13:00:00,XRPUSD,28941,0.2036,0.2037,2724
2020-06-03 14:00:00,XRPUSD,17102,0.2041,0.2042,58059
2020-06-03 15:00:00,XRPUSD,83401,0.2039,0.204,5999
2020-06-03 16:00:00,XRPUSD,68167,0.2039,0.204,1872
2020-06-03 17:00:00,XRPUSD,14242,0.2042,0.2043,20471
2020-06-03 18:00:00,XRPUSD,20684,0.2034,0.2035,35813
2020-06-03 19:00:00,XRPUSD,27815,0.2046,0.2047,47650
2020-06-03 20:00:00,XRPUSD,22435,0.2033,0.2034,2081
2020-06-03 21:00:00,XRPUSD,32390,0.2037,0.2038,7077
2020-06-03 22:00:00,XRPUSD,29221,0.2029,0.2031,37946
2020-06-03 23:00:00,XRPUSD,60480,0.2044,0.2045,3061
2020-06-04 00:00:00,XRPUSD,14409,0.2044,0.2045,33303
2020-06-04 01:00:00,XRPUSD,42547,0.204,0.2041,29834
2020-06-04 02:00:00,XRPUSD,25410,0.2041,0.2042,33310
2020-06-04 03:00:00,XRPUSD,38074,0.205,0.2051,86200
2020-06-04 04:00:00,XRPUSD,168026,0.2071,0.2072,14172
2020-06-04 05:00:00,XRPUSD,263008,0.2063,0.2064,10154
2020-06-04 06:00:00,XRPUSD,1513,0.2054,0.2055,30588
2020-06-04 07:00:00,XRPUSD,4465,0.2058,0.2059,33631
2020-06-04 08:00:00,XRPUSD,1003,0.2056,0.2057,20585
2020-06-04 09:00:00,XRPUSD,32917,0.2055,0.2056,18979
2020-06-04 10:00:00,XRPUSD,5142,0.2033,0.2034,34164
2020-06-04 11:00:00,XRPUSD,2411,0.2032,0.2033,43078
2020-06-04 12:00:00,XRPUSD,24172,0.2042,0.2043,13232
2020-06-04 13:00:00,XRPUSD,11774,0.2046,0.2047,66816
2020-06-04 14:00:00,XRPUSD,72,0.2058,0.2059,289137
2020-06-04 15:00:00,XRPUSD,6200,0.205,0.2051,14108
2020-06-04 16:00:00,XRPUSD,14500,0.2056,0.2057,9726
2020-06-04 17:00:00,XRPUSD,12589,0.2045,0.2046,95933
2020-06-04 18:00:00,XRPUSD,793,0.205,0.2051,34771
2020-06-04 19:00:00,XRPUSD,81689,0.2032,0.2034,2963
2020-06-04 20:00:00,XRPUSD,903,0.2038,0.2039,21402
2020-06-04 21:00:00,XRPUSD,28986,0.2039,0.204,25439
2020-06-04 22:00:00,XRPUSD,29033,0.204,0.2041,6029
2020-06-04 23:00:00,XRPUSD,43326,0.2045,0.2046,2469
2020-06-05 00:00:00,XRPUSD,9671,0.2047,0.2048,20937
2020-06-05 01:00:00,XRPUSD,37673,0.2051,0.2052,84856
2020-06-05 02:00:00,XRPUSD,14701,0.2049,0.205,55278
2020-06-05 03:00:00,XRPUSD,25644,0.2044,0.2045,52107
2020-06-05 04:00:00,XRPUSD,18256,0.2041,0.2042,37587
2020-06-05 05:00:00,XRPUSD,8571,0.2042,0.2043,16643
2020-06-05 06:00:00,XRPUSD,27374,0.2046,0.2047,30210
2020-06-05 07:00:00,XRPUSD,17000,0.2045,0.2047,121327
2020-06-05 08:00:00,XRPUSD,308,0.2047,0.2048,73680
2020-06-05 09:00:00,XRPUSD,44949,0.2057,0.2058,117655
2020-06-05 10:00:00,XRPUSD,2000,0.205,0.2051,100
2020-06-05 11:00:00,XRPUSD,1674,0.2035,0.2036,91210
2020-06-05 12:00:00,XRPUSD,10902,0.2034,0.2035,140627
2020-06-05 13:00:00,XRPUSD,33928,0.2034,0.2035,91746
2020-06-05 14:00:00,XRPUSD,14158,0.2035,0.2036,19770
2020-06-05 15:00:00,XRPUSD,30451,0.2027,0.2028,35564
2020-06-05 16:00:00,XRPUSD,23469,0.2035,0.2036,6338
2020-06-05 17:00:00,XRPUSD,17622,0.204,0.2041,81974
2020-06-05 18:00:00,XRPUSD,192625,0.2043,0.2044,902949
2020-06-05 19:00:00,XRPUSD,109865,0.2043,0.2044,113274
2020-06-05 20:00:00,XRPUSD,33500,0.2034,0.2035,9813
2020-06-05 21:00:00,XRPUSD,6736,0.2033,0.2034,31446
2020-06-05 22:00:00,XRPUSD,21197,0.2034,0.2035,64121
2020-06-05 23:00:00,XRPUSD,35101,0.2038,0.2039,19750
2020-06-06 00:00:00,XRPUSD,17263,0.203,0.2031,21124
2020-06-06 01:00:00,XRPUSD,3000,0.2032,0.2034,210219
2020-06-06 02:00:00,XRPUSD,25777,0.2023,0.2024,12815
2020-06-06 03:00:00,XRPUSD,5377,0.2029,0.203,92359
2020-06-06 04:00:00,XRPUSD,18351,0.2031,0.2032,56119
2020-06-06 05:00:00,XRPUSD,22755,0.2027,0.2028,108685
2020-06-06 06:00:00,XRPUSD,13472,0.2035,0.2036,19700
2020-06-06 07:00:00,XRPUSD,15498,0.2028,0.2029,14246
2020-06-06 08:00:00,XRPUSD,9016,0.2028,0.2029,45357
2020-06-06 09:00:00,XRPUSD,35550,0.2024,0.2025,3579
2020-06-06 10:00:00,XRPUSD,31709,0.2036,0.2037,78160
2020-06-06 11:00:00,XRPUSD,113844,0.2035,0.2036,41758
2020-06-06 12:00:00,XRPUSD,167750,0.2039,0.204,388
2020-06-06 13:00:00,XRPUSD,10195,0.2031,0.2032,27222
2020-06-06 14:00:00,XRPUSD,67229,0.2033,0.2034,28530
2020-06-06 15:00:00,XRPUSD,57499,0.2041,0.2042,61897
2020-06-06 16:00:00,XRPUSD,69962,0.2045,0.2046,5759
2020-06-06 17:00:00,XRPUSD,8590,0.2035,0.2036,60590
2020-06-06 18:00:00,XRPUSD,4926,0.2033,0.2034,15443
2020-06-06 19:00:00,XRPUSD,39900,0.2034,0.2035,6945
2020-06-06 20:00:00,XRPUSD,77562,0.2038,0.2039,206264
2020-06-06 21:00:00,XRPUSD,37662,0.2043,0.2044,7945
2020-06-06 22:00:00,XRPUSD,74100,0.2042,0.2043,102540
2020-06-06 23:00:00,XRPUSD,59306,0.2035,0.2036,23964
2020-06-07 00:00:00,XRPUSD,11537,0.2038,0.2039,21917
2020-06-07 01:00:00,XRPUSD,92581,0.2042,0.2043,1883
2020-06-07 02:00:00,XRPUSD,19540,0.2042,0.2043,18533
2020-06-07 03:00:00,XRPUSD,27674,0.2048,0.2049,12056
2020-06-07 04:00:00,XRPUSD,55917,0.2047,0.2048,73116
2020-06-07 05:00:00,XRPUSD,11661,0.2043,0.2044,66391
2020-06-07 06:00:00,XRPUSD,37688,0.2036,0.2037,24042
2020-06-07 07:00:00,XRPUSD,1064,0.2038,0.2039,144225
2020-06-07 08:00:00,XRPUSD,21647,0.2036,0.2037,68209
2020-06-07 09:00:00,XRPUSD,43278,0.2034,0.2035,13499
2020-06-07 10:00:00,XRPUSD,16532,0.2029,0.203,84879
2020-06-07 11:00:00,XRPUSD,2023,0.2029,0.203,140340
2020-06-07 12:00:00,XRPUSD,41774,0.202,0.2021,25000
2020-06-07 13:00:00,XRPUSD,31973,0.2014,0.2015,97898
2020-06-07 14:00:00,XRPUSD,34733,0.1996,0.1997,31481
2020-06-07 15:00:00,XRPUSD,20251,0.2003,0.2004,5685
2020-06-07 16:00:00,XRPUSD,2366,0.2011,0.2012,299263
2020-06-07 17:00:00,XRPUSD,24219,0.2005,0.2006,36113
2020-06-07 18:00:00,XRPUSD,50978,0.201,0.2011,6664
2020-06-07 19:00:00,XRPUSD,97280,0.2014,0.2015,4900
2020-06-07 20:00:00,XRPUSD,58566,0.2036,0.2037,55475
2020-06-07 21:00:00,XRPUSD,29691,0.2027,0.2028,7288
2020-06-07 22:00:00,XRPUSD,37446,0.2028,0.2029,14744
2020-06-07 23:00:00,XRPUSD,273513,0.2036,0.2039,7000
2020-06-08 00:00:00,XRPUSD,965,0.2037,0.2038,194735
2020-06-08 01:00:00,XRPUSD,46510,0.203,0.2031,20109
2020-06-08 02:00:00,XRPUSD,6312,0.2032,0.2033,45145
2020-06-08 03:00:00,XRPUSD,34365,0.2029,0.203,20547
2020-06-08 04:00:00,XRPUSD,67626,0.203,0.2031,2589
2020-06-08 05:00:00,XRPUSD,93017,0.203,0.2031,62553
2020-06-08 06:00:00,XRPUSD,76324,0.2032,0.2033,180515
2020-06-08 07:00:00,XRPUSD,50296,0.203,0.2031,45273
2020-06-08 08:00:00,XRPUSD,22755,0.2027,0.2028,97052
2020-06-08 09:00:00,XRPUSD,32082,0.202,0.2021,72627
2020-06-08 10:00:00,XRPUSD,97898,0.203,0.2031,21580
2020-06-08 11:00:00,XRPUSD,9177,0.2027,0.2028,82171
2020-06-08 12:00:00,XRPUSD,241742,0.2029,0.203,19289
2020-06-08 13:00:00,XRPUSD,36092,0.2019,0.202,23665
2020-06-08 14:00:00,XRPUSD,26711,0.2019,0.202,8407
2020-06-08 15:00:00,XRPUSD,10176,0.2018,0.2019,94902
2020-06-08 16:00:00,XRPUSD,58920,0.202,0.2021,6936
2020-06-08 17:00:00,XRPUSD,78792,0.2026,0.2027,345082
2020-06-08 18:00:00,XRPUSD,39534,0.2026,0.2027,49315
2020-06-08 19:00:00,XRPUSD,35292,0.2025,0.2026,404433
2020-06-08 20:00:00,XRPUSD,66775,0.2022,0.2023,15735
2020-06-08 21:00:00,XRPUSD,79678,0.2021,0.2022,27276
2020-06-08 22:00:00,XRPUSD,75390,0.2029,0.203,11002
2020-06-08 23:00:00,XRPUSD,124093,0.2027,0.2028,3900
2020-06-09 00:00:00,XRPUSD,44738,0.2042,0.2043,21598
2020-06-09 01:00:00,XRPUSD,91387,0.2032,0.2033,54286
2020-06-09 02:00:00,XRPUSD,58648,0.2034,0.2035,69318
2020-06-09 03:00:00,XRPUSD,9197,0.2037,0.2038,19548
2020-06-09 04:00:00,XRPUSD,34115,0.2034,0.2035,275607
2020-06-09 05:00:00,XRPUSD,198016,0.2033,0.2034,34196
2020-06-09 06:00:00,XRPUSD,18348,0.2031,0.2032,232009
2020-06-09 07:00:00,XRPUSD,32312,0.2031,0.2032,30910
2020-06-09 08:00:00,XRPUSD,58517,0.203,0.2031,36000
2020-06-09 09:00:00,XRPUSD,66071,0.2026,0.2027,8474
2020-06-09 10:00:00,XRPUSD,46356,0.2025,0.2026,54106
2020-06-09 11:00:00,XRPUSD,16826,0.2025,0.2026,28511
2020-06-09 12:00:00,XRPUSD,39597,0.2035,0.2036,8294
2020-06-09 13:00:00,XRPUSD,130847,0.2029,0.203,9741
2020-06-09 14:00:00,XRPUSD,46830,0.2023,0.2024,21535
2020-06-09 15:00:00,XRPUSD,20967,0.2021,0.2022,36346
2020-06-09 16:00:00,XRPUSD,66563,0.2021,0.2022,38507
2020-06-09 17:00:00,XRPUSD,38094,0.2021,0.2022,63287
2020-06-09 18:00:00,XRPUSD,64563,0.2019,0.202,17777
2020-06-09 19:00:00,XRPUSD,10488,0.202,0.2021,78444
2020-06-09 20:00:00,XRPUSD,33358,0.2014,0.2015,57365
2020-06-09 21:00:00,XRPUSD,89341,0.2013,0.2014,22912
2020-06-09 22:00:00,XRPUSD,7480,0.2006,0.2008,19379
2020-06-09 23:00:00,XRPUSD,64644,0.2018,0.2019,24246
2020-06-10 00:00:00,XRPUSD,11169,0.2014,0.2015,10000
2020-06-10 01:00:00,XRPUSD,45642,0.2018,0.2019,49579
2020-06-10 02:00:00,XRPUSD,90141,0.2019,0.202,14044
2020-06-10 03:00:00,XRPUSD,26396,0.2017,0.2018,41558
2020-06-10 04:00:00,XRPUSD,53337,0.2014,0.2015,50454
2020-06-10 05:00:00,XRPUSD,25200,0.2017,0.2018,61422
2020-06-10 06:00:00,XRPUSD,10559,0.2026,0.2027,52772
2020-06-10 07:00:00,XRPUSD,107951,0.2024,0.2025,9800
2020-06-10 08:00:00,XRPUSD,16398,0.202,0.2021,176407
2020-06-10 09:00:00,XRPUSD,12300,0.2017,0.2018,106028
2020-06-10 10:00:00,XRPUSD,223877,0.2014,0.2015,74368
2020-06-10 11:00:00,XRPUSD,30156,0.2016,0.2017,68912
2020-06-10 12:00:00,XRPUSD,152182,0.2015,0.2016,83688
2020-06-10 13:00:00,XRPUSD,98007,0.2018,0.2019,73255
2020-06-10 14:00:00,XRPUSD,71001,0.2015,0.2016,31260
2020-06-10 15:00:00,XRPUSD,12170,0.2016,0.2017,135506
2020-06-10 16:00:00,XRPUSD,8502,0.2015,0.2016,28296
2020-06-10 17:00:00,XRPUSD,30009,0.2014,0.2015,23455
2020-06-10 18:00:00,XRPUSD,17474,0.2012,0.2013,124275
2020-06-10 19:00:00,XRPUSD,21445,0.2019,0.202,623
2020-06-10 20:00:00,XRPUSD,53583,0.203,0.2031,22323
2020-06-10 21:00:00,XRPUSD,67323,0.203,0.2031,55853
2020-06-10 22:00:00,XRPUSD,64303,0.2025,0.2026,10483
2020-06-10 23:00:00,XRPUSD,6119,0.2028,0.2029,60881
2020-06-11 00:00:00,XRPUSD,50441,0.2029,0.203,2089
2020-06-11 01:00:00,XRPUSD,89589,0.2032,0.2033,2104
2020-06-11 02:00:00,XRPUSD,13577,0.2033,0.2034,31040
2020-06-11 03:00:00,XRPUSD,48424,0.2029,0.203,15834
2020-06-11 04:00:00,XRPUSD,68111,0.2027,0.2028,12022
2020-06-11 05:00:00,XRPUSD,24398,0.2028,0.2029,30849
2020-06-11 06:00:00,XRPUSD,21020,0.2025,0.2026,29317
2020-06-11 07:00:00,XRPUSD,3485,0.2019,0.202,40910
2020-06-11 08:00:00,XRPUSD,46433,0.2013,0.2014,18270
2020-06-11 09:00:00,XRPUSD,37945,0.2014,0.2015,126174
2020-06-11 10:00:00,XRPUSD,31698,0.2012,0.2013,150175
2020-06-11 11:00:00,XRPUSD,203601,0.201,0.2011,118619
2020-06-11 12:00:00,XRPUSD,129,0.2014,0.2015,170473
2020-06-11 13:00:00,XRPUSD,28740,0.2,0.2001,19393
2020-06-11 14:00:00,XRPUSD,36564,0.1971,0.1972,52768
2020-06-11 15:00:00,XRPUSD,14439,0.1963,0.1966,40899
2020-06-11 16:00:00,XRPUSD,6149,0.1947,0.1948,53498
2020-06-11 17:00:00,XRPUSD,36821,0.1835,0.1837,44
2020-06-11 18:00:00,XRPUSD,6577,0.192,0.1921,4616
2020-06-11 19:00:00,XRPUSD,13474,0.1902,0.1903,9870
2020-06-11 20:00:00,XRPUSD,3500,0.1897,0.1898,21086
2020-06-11 21:00:00,XRPUSD,50369,0.1904,0.1905,4435
2020-06-11 22:00:00,XRPUSD,43170,0.1906,0.1907,6378
2020-06-11 23:00:00,XRPUSD,27051,0.1888,0.1889,38967
2020-06-12 00:00:00,XRPUSD,3217,0.1881,0.1882,28819
2020-06-12 01:00:00,XRPUSD,79511,0.1892,0.1893,3965
2020-06-12 02:00:00,XRPUSD,65249,0.1902,0.1903,2722
2020-06-12 03:00:00,XRPUSD,191257,0.1903,0.1905,4113
2020-06-12 04:00:00,XRPUSD,59354,0.1906,0.1907,52565
2020-06-12 05:00:00,XRPUSD,9112,0.1906,0.1907,246718
2020-06-12 06:00:00,XRPUSD,347938,0.1914,0.1915,18200
2020-06-12 07:00:00,XRPUSD,88168,0.1914,0.1915,15572
2020-06-12 08:00:00,XRPUSD,119348,0.193,0.1931,38052
2020-06-12 09:00:00,XRPUSD,7495,0.1927,0.1928,39388
2020-06-12 10:00:00,XRPUSD,28762,0.1924,0.1925,71269
2020-06-12 11:00:00,XRPUSD,36801,0.1929,0.193,59728
2020-06-12 12:00:00,XRPUSD,54442,0.194,0.1941,5142
2020-06-12 13:00:00,XRPUSD,6155,0.194,0.1941,25999
2020-06-12 14:00:00,XRPUSD,94761,0.1947,0.1948,20722
2020-06-12 15:00:00,XRPUSD,1455,0.193,0.1931,119208
2020-06-12 16:00:00,XRPUSD,45601,0.1927,0.1928,51192
2020-06-12 17:00:00,XRPUSD,15839,0.1927,0.1928,45865
2020-06-12 18:00:00,XRPUSD,30858,0.1923,0.1924,232616
2020-06-12 19:00:00,XRPUSD,22324,0.1938,0.1939,11076
2020-06-12 20:00:00,XRPUSD,22556,0.1932,0.1933,17621
2020-06-12 21:00:00,XRPUSD,22178,0.1932,0.1933,323203
2020-06-12 22:00:00,XRPUSD,6645,0.1928,0.1929,230022
2020-06-12 23:00:00,XRPUSD,3575,0.193,0.1931,312934
2020-06-13 00:00:00,XRPUSD,5587,0.1931,0.1932,35761
2020-06-13 01:00:00,XRPUSD,90598,0.1922,0.1923,6255
2020-06-13 02:00:00,XRPUSD,52245,0.1927,0.1928,306843
2020-06-13 03:00:00,XRPUSD,7482,0.1925,0.1926,264919
2020-06-13 04:00:00,XRPUSD,32606,0.192,0.1921,43599
2020-06-13 05:00:00,XRPUSD,412990,0.1917,0.1918,8471
2020-06-13 06:00:00,XRPUSD,20558,0.1917,0.1918,118893
2020-06-13 07:00:00,XRPUSD,18451,0.192,0.1921,403622
2020-06-13 08:00:00,XRPUSD,36956,0.1924,0.1925,63493
2020-06-13 09:00:00,XRPUSD,61053,0.1921,0.1922,11983
2020-06-13 10:00:00,XRPUSD,56208,0.192,0.1921,11901
2020-06-13 11:00:00,XRPUSD,6233,0.1915,0.1916,104566
2020-06-13 12:00:00,XRPUSD,50112,0.1911,0.1912,25959
2020-06-13 13:00:00,XRPUSD,57718,0.1918,0.1919,34316
2020-06-13 14:00:00,XRPUSD,123788,0.1924,0.1925,74783
2020-06-13 15:00:00,XRPUSD,16726,0.193,0.1931,12713
2020-06-13 16:00:00,XRPUSD,83137,0.1928,0.1929,8292
2020-06-13 17:00:00,XRPUSD,15206,0.1931,0.1932,27208
2020-06-13 18:00:00,XRPUSD,49201,0.193,0.1931,77887
2020-06-13 19:00:00,XRPUSD,333378,0.1932,0.1933,203226
2020-06-13 20:00:00,XRPUSD,6184,0.192,0.1921,32901
2020-06-13 21:00:00,XRPUSD,22288,0.1923,0.1924,49693
2020-06-13 22:00:00,XRPUSD,18869,0.1924,0.1925,43842
2020-06-13 23:00:00,XRPUSD,6328,0.1924,0.1925,30462
2020-06-14 00:00:00,XRPUSD,19777,0.1924,0.1925,3954
2020-06-14 01:00:00,XRPUSD,24106,0.1922,0.1923,40274
2020-06-14 02:00:00,XRPUSD,53922,0.1919,0.192,20952
2020-06-14 03:00:00,XRPUSD,22211,0.192,0.1921,80943
2020-06-14 04:00:00,XRPUSD,60953,0.1917,0.1918,37843
2020-06-14 05:00:00,XRPUSD,124671,0.1917,0.1918,103255
2020-06-14 06:00:00,XRPUSD,28838,0.1914,0.1916,188440
2020-06-14 07:00:00,XRPUSD,178,0.191,0.1911,84455
2020-06-14 08:00:00,XRPUSD,40625,0.1911,0.1912,110875
2020-06-14 09:00:00,XRPUSD,27915,0.1915,0.1916,90022
2020-06-14 10:00:00,XRPUSD,43739,0.1914,0.1915,126533
2020-06-14 11:00:00,XRPUSD,85106,0.1916,0.1917,21385
2020-06-14 12:00:00,XRPUSD,17094,0.1918,0.1919,107270
2020-06-14 13:00:00,XRPUSD,120794,0.1911,0.1912,26945
2020-06-14 14:00:00,XRPUSD,21400,0.1911,0.1912,33787
2020-06-14 15:00:00,XRPUSD,7578,0.1899,0.19,28970
2020-06-14 16:00:00,XRPUSD,31687,0.1909,0.191,84769
2020-06-14 17:00:00,XRPUSD,25875,0.1906,0.1907,78530
2020-06-14 18:00:00,XRPUSD,15942,0.191,0.1911,15651
2020-06-14 19:00:00,XRPUSD,30589,0.191,0.1911,10465
2020-06-14 20:00:00,XRPUSD,87061,0.1912,0.1913,7824
2020-06-14 21:00:00,XRPUSD,456,0.1915,0.1916,25146
2020-06-14 22:00:00,XRPUSD,8129,0.1897,0.1898,92143
2020-06-14 23:00:00,XRPUSD,30225,0.1909,0.191,81099
2020-06-15 00:00:00,XRPUSD,24282,0.1902,0.1903,62490
2020-06-15 01:00:00,XRPUSD,34345,0.1903,0.1904,3582
2020-06-15 02:00:00,XRPUSD,53709,0.1875,0.1877,40155
2020-06-15 03:00:00,XRPUSD,2999,0.1876,0.1877,45500
2020-06-15 04:00:00,XRPUSD,33257,0.1858,0.1859,104105
2020-06-15 05:00:00,XRPUSD,11287,0.1868,0.1869,3249
2020-06-15 06:00:00,XRPUSD,34500,0.1837,0.1839,54582
2020-06-15 07:00:00,XRPUSD,12228,0.1839,0.184,99027
2020-06-15 08:00:00,XRPUSD,11478,0.1848,0.1849,102407
2020-06-15 09:00:00,XRPUSD,8550,0.1848,0.1849,38654
2020-06-15 10:00:00,XRPUSD,34773,0.1848,0.1849,35092
2020-06-15 11:00:00,XRPUSD,105677,0.1839,0.184,34157
2020-06-15 12:00:00,XRPUSD,5177,0.185,0.1851,38282
2020-06-15 13:00:00,XRPUSD,35061,0.1843,0.1844,20594
2020-06-15 14:00:00,XRPUSD,56000,0.1854,0.1855,40602
2020-06-15 15:00:00,XRPUSD,4414,0.1853,0.1854,41027
2020-06-15 16:00:00,XRPUSD,46542,0.1872,0.1873,29667
2020-06-15 17:00:00,XRPUSD,17824,0.1886,0.1887,21241
2020-06-15 18:00:00,XRPUSD,76753,0.1889,0.189,5275
2020-06-15 19:00:00,XRPUSD,181738,0.1907,0.1908,172834
2020-06-15 20:00:00,XRPUSD,17382,0.1912,0.1913,9269
2020-06-15 21:00:00,XRPUSD,18132,0.193,0.1931,16935
2020-06-15 22:00:00,XRPUSD,19876,0.193,0.1931,21782
2020-06-15 23:00:00,XRPUSD,4858,0.1926,0.1927,22142
2020-06-16 00:00:00,XRPUSD,48096,0.1924,0.1925,8128
2020-06-16 01:00:00,XRPUSD,18399,0.1911,0.1912,96332
2020-06-16 02:00:00,XRPUSD,16847,0.1918,0.1919,13282
2020-06-16 03:00:00,XRPUSD,88077,0.192,0.1921,152817
2020-06-16 04:00:00,XRPUSD,58423,0.1937,0.1938,11975
2020-06-16 05:00:00,XRPUSD,88218,0.1931,0.1932,32434
2020-06-16 06:00:00,XRPUSD,63692,0.1927,0.1928,23601
2020-06-16 07:00:00,XRPUSD,36155,0.1919,0.192,16006
2020-06-16 08:00:00,XRPUSD,34066,0.192,0.1921,23065
2020-06-16 09:00:00,XRPUSD,11787,0.1916,0.1917,40713
2020-06-16 10:00:00,XRPUSD,123000,0.1918,0.1919,13850
2020-06-16 11:00:00,XRPUSD,68651,0.1921,0.1922,25084
2020-06-16 12:00:00,XRPUSD,77743,0.192,0.1921,43791
2020-06-16 13:00:00,XRPUSD,16109,0.1928,0.1929,109957
2020-06-16 14:00:00,XRPUSD,103,0.1921,0.1923,77033
2020-06-16 15:00:00,XRPUSD,1194,0.1905,0.1906,77961
2020-06-16 16:00:00,XRPUSD,104170,0.1908,0.1909,228058
2020-06-16 17:00:00,XRPUSD,10718,0.1911,0.1912,131210
2020-06-16 18:00:00,XRPUSD,103463,0.1909,0.191,10691
2020-06-16 19:00:00,XRPUSD,58345,0.1915,0.1916,146328
2020-06-16 20:00:00,XRPUSD,14006,0.1912,0.1913,16621
2020-06-16 21:00:00,XRPUSD,24329,0.1913,0.1914,32364
2020-06-16 22:00:00,XRPUSD,12057,0.1916,0.1917,45731
2020-06-16 23:00:00,XRPUSD,43696,0.1922,0.1923,9885
2020-06-17 00:00:00,XRPUSD,71884,0.1922,0.1923,575356
2020-06-17 01:00:00,XRPUSD,7260,0.1916,0.1917,230779
2020-06-17 02:00:00,XRPUSD,178375,0.1913,0.1914,39192
2020-06-17 03:00:00,XRPUSD,28107,0.1912,0.1913,30255
2020-06-17 04:00:00,XRPUSD,26326,0.1916,0.1917,271340
2020-06-17 05:00:00,XRPUSD,72368,0.1917,0.1918,313249
2020-06-17 06:00:00,XRPUSD,99022,0.1914,0.1915,17857
2020-06-17 07:00:00,XRPUSD,38449,0.1941,0.1942,85591
2020-06-17 08:00:00,XRPUSD,31794,0.1954,0.1955,9370
2020-06-17 09:00:00,XRPUSD,33543,0.1953,0.1954,114093
2020-06-17 10:00:00,XRPUSD,20,0.1944,0.1945,174983
2020-06-17 11:00:00,XRPUSD,21504,0.1939,0.194,95137
2020-06-17 12:00:00,XRPUSD,11061,0.1951,0.1952,23104
2020-06-17 13:00:00,XRPUSD,20257,0.1964,0.1965,36657
2020-06-17 14:00:00,XRPUSD,5000,0.1949,0.1951,152604
2020-06-17 15:00:00,XRPUSD,5096,0.1943,0.1944,98629
2020-06-17 16:00:00,XRPUSD,2125,0.1907,0.1908,21632
2020-06-17 17:00:00,XRPUSD,43499,0.1914,0.1915,44000
2020-06-17 18:00:00,XRPUSD,18478,0.192,0.1921,33304
2020-06-17 19:00:00,XRPUSD,14528,0.1919,0.192,39748
2020-06-17 20:00:00,XRPUSD,50840,0.1902,0.1903,56024
2020-06-17 21:00:00,XRPUSD,386380,0.1915,0.1916,11957
2020-06-17 22:00:00,XRPUSD,19846,0.1923,0.1924,57323
2020-06-17 23:00:00,XRPUSD,261422,0.1924,0.1925,5111
2020-06-18 00:00:00,XRPUSD,47177,0.1929,0.193,16204
2020-06-18 01:00:00,XRPUSD,128560,0.1923,0.1924,575
2020-06-18 02:00:00,XRPUSD,51596,0.1916,0.1917,14387
2020-06-18 03:00:00,XRPUSD,43020,0.1913,0.1914,113827
2020-06-18 04:00:00,XRPUSD,4901,0.1918,0.1919,124342
2020-06-18 05:00:00,XRPUSD,10099,0.1911,0.1912,66884
2020-06-18 06:00:00,XRPUSD,1126,0.1916,0.1917,198696
2020-06-18 07:00:00,XRPUSD,6490,0.1914,0.1915,108568
2020-06-18 08:00:00,XRPUSD,66554,0.1914,0.1915,29568
2020-06-18 09:00:00,XRPUSD,75669,0.1912,0.1913,25948
2020-06-18 10:00:00,XRPUSD,20469,0.1908,0.1909,97004
2020-06-18 11:00:00,XRPUSD,28820,0.1918,0.1919,25191
2020-06-18 12:00:00,XRPUSD,61207,0.1914,0.1915,5152
2020-06-18 13:00:00,XRPUSD,29212,0.1913,0.1914,68711
2020-06-18 14:00:00,XRPUSD,238993,0.1904,0.1905,78324
2020-06-18 15:00:00,XRPUSD,84398,0.1912,0.1913,6044
2020-06-18 16:00:00,XRPUSD,67251,0.1889,0.189,2859
2020-06-18 17:00:00,XRPUSD,4500,0.1895,0.1896,31818
2020-06-18 18:00:00,XRPUSD,8158,0.19,0.1901,68822
2020-06-18 19:00:00,XRPUSD,11604,0.1899,0.19,26813
2020-06-18 20:00:00,XRPUSD,4625,0.1897,0.1898,52008
2020-06-18 21:00:00,XRPUSD,5215,0.1887,0.1888,56006
2020-06-18 22:00:00,XRPUSD,77434,0.1896,0.1897,51207
2020-06-18 23:00:00,XRPUSD,93154,0.19,0.1901,39833
2020-06-19 00:00:00,XRPUSD,41678,0.1898,0.1899,37644
2020-06-19 01:00:00,XRPUSD,1010,0.1895,0.1896,44926
2020-06-19 02:00:00,XRPUSD,47127,0.1884,0.1885,53165
2020-06-19 03:00:00,XRPUSD,57913,0.1874,0.1875,22423
2020-06-19 04:00:00,XRPUSD,1089,0.1879,0.188,74242
2020-06-19 05:00:00,XRPUSD,25728,0.1881,0.1882,133553
2020-06-19 06:00:00,XRPUSD,126027,0.1893,0.1894,22012
2020-06-19 07:00:00,XRPUSD,4000,0.1887,0.1888,25486
2020-06-19 08:00:00,XRPUSD,240479,0.1879,0.188,13125
2020-06-19 09:00:00,XRPUSD,43283,0.1882,0.1883,23939
2020-06-19 10:00:00,XRPUSD,38297,0.1892,0.1893,11457
2020-06-19 11:00:00,XRPUSD,8243,0.1896,0.1897,54526
2020-06-19 12:00:00,XRPUSD,80368,0.1893,0.1894,104
2020-06-19 13:00:00,XRPUSD,24687,0.1891,0.1892,99587
2020-06-19 14:00:00,XRPUSD,27691,0.1892,0.1893,9386
2020-06-19 15:00:00,XRPUSD,5662,0.189,0.1891,96862
2020-06-19 16:00:00,XRPUSD,25100,0.1879,0.188,35509
2020-06-19 17:00:00,XRPUSD,52303,0.188,0.1881,30999
2020-06-19 18:00:00,XRPUSD,4477,0.1876,0.1877,87511
2020-06-19 19:00:00,XRPUSD,239271,0.1876,0.1877,18202
2020-06-19 20:00:00,XRPUSD,10912,0.1871,0.1872,67968
2020-06-19 21:00:00,XRPUSD,241461,0.1876,0.1877,10364
2020-06-19 22:00:00,XRPUSD,6017,0.1876,0.1877,320914
2020-06-19 23:00:00,XRPUSD,20290,0.1871,0.1872,72447
2020-06-20 00:00:00,XRPUSD,22440,0.1869,0.187,44167
2020-06-20 01:00:00,XRPUSD,50898,0.187,0.1871,14416
2020-06-20 02:00:00,XRPUSD,10000,0.188,0.1882,502953
2020-06-20 03:00:00,XRPUSD,31277,0.1883,0.1884,17936
2020-06-20 04:00:00,XRPUSD,10828,0.1884,0.1885,51795
2020-06-20 05:00:00,XRPUSD,46876,0.1879,0.188,397
2020-06-20 06:00:00,XRPUSD,54245,0.1878,0.1879,1980
2020-06-20 07:00:00,XRPUSD,48964,0.1879,0.188,33993
2020-06-20 08:00:00,XRPUSD,29201,0.1874,0.1875,19464
2020-06-20 09:00:00,XRPUSD,18052,0.1866,0.1867,45907
2020-06-20 10:00:00,XRPUSD,4036,0.187,0.1871,99864
2020-06-20 11:00:00,XRPUSD,24782,0.1871,0.1872,33810
2020-06-20 12:00:00,XRPUSD,71885,0.1876,0.1877,23653
2020-06-20 13:00:00,XRPUSD,95995,0.1871,0.1873,102147
2020-06-20 14:00:00,XRPUSD,32312,0.1867,0.1868,42890
2020-06-20 15:00:00,XRPUSD,10314,0.1866,0.1867,282664
2020-06-20 16:00:00,XRPUSD,3963,0.1858,0.1859,8496
2020-06-20 17:00:00,XRPUSD,14180,0.1863,0.1864,184686
2020-06-20 18:00:00,XRPUSD,115035,0.1867,0.1868,22261
2020-06-20 19:00:00,XRPUSD,105616,0.1875,0.1876,4311
2020-06-20 20:00:00,XRPUSD,111661,0.1875,0.1876,70816
2020-06-20 21:00:00,XRPUSD,43075,0.1878,0.1879,150489
2020-06-20 22:00:00,XRPUSD,80339,0.1878,0.1879,6131
2020-06-20 23:00:00,XRPUSD,27205,0.1883,0.1884,14791
2020-06-21 00:00:00,XRPUSD,41759,0.1879,0.188,86168
2020-06-21 01:00:00,XRPUSD,69002,0.1879,0.188,22713
2020-06-21 02:00:00,XRPUSD,36278,0.1877,0.1878,8887
2020-06-21 03:00:00,XRPUSD,38307,0.1879,0.188,10316
2020-06-21 04:00:00,XRPUSD,43466,0.1875,0.1876,2844
2020-06-21 05:00:00,XRPUSD,76530,0.1876,0.1877,7175
2020-06-21 06:00:00,XRPUSD,67573,0.1879,0.188,30
2020-06-21 07:00:00,XRPUSD,35289,0.1878,0.1879,29460
2020-06-21 08:00:00,XRPUSD,35940,0.1876,0.1877,4979
2020-06-21 09:00:00,XRPUSD,36135,0.1874,0.1875,44942
2020-06-21 10:00:00,XRPUSD,1110,0.1875,0.1876,80205
2020-06-21 11:00:00,XRPUSD,91917,0.1869,0.187,30505
2020-06-21 12:00:00,XRPUSD,106624,0.1875,0.1876,28070
2020-06-21 13:00:00,XRPUSD,91892,0.1873,0.1874,30866
2020-06-21 14:00:00,XRPUSD,51186,0.1873,0.1874,37000
2020-06-21 15:00:00,XRPUSD,79162,0.1873,0.1874,16193
2020-06-21 16:00:00,XRPUSD,36233,0.1877,0.1878,91064
2020-06-21 17:00:00,XRPUSD,30607,0.1874,0.1875,64949
2020-06-21 18:00:00,XRPUSD,4214,0.1869,0.187,75281
2020-06-21 19:00:00,XRPUSD,17482,0.186,0.1861,47958
2020-06-21 20:00:00,XRPUSD,74973,0.1865,0.1866,28027
2020-06-21 21:00:00,XRPUSD,26854,0.1863,0.1864,33935
2020-06-21 22:00:00,XRPUSD,914,0.1871,0.1872,64350
2020-06-21 23:00:00,XRPUSD,9972,0.186,0.1861,66328
2020-06-22 00:00:00,XRPUSD,57801,0.1858,0.1859,66678
2020-06-22 01:00:00,XRPUSD,37063,0.1862,0.1863,22841
2020-06-22 02:00:00,XRPUSD,38602,0.1881,0.1882,333288
2020-06-22 03:00:00,XRPUSD,39684,0.188,0.1881,73695
2020-06-22 04:00:00,XRPUSD,49504,0.1878,0.1879,16833
2020-06-22 05:00:00,XRPUSD,69989,0.1879,0.188,25731
2020-06-22 06:00:00,XRPUSD,13716,0.1883,0.1884,266420
2020-06-22 07:00:00,XRPUSD,106117,0.1879,0.188,15973
2020-06-22 08:00:00,XRPUSD,50517,0.1878,0.1879,31192
2020-06-22 09:00:00,XRPUSD,98502,0.1878,0.1879,6291
2020-06-22 10:00:00,XRPUSD,75358,0.1877,0.1878,111414
2020-06-22 11:00:00,XRPUSD,8951,0.1876,0.1877,49155
2020-06-22 12:00:00,XRPUSD,60604,0.1878,0.1879,10020
2020-06-22 13:00:00,XRPUSD,76191,0.189,0.1891,27232
2020-06-22 14:00:00,XRPUSD,68481,0.1887,0.1888,9934
2020-06-22 15:00:00,XRPUSD,27745,0.1878,0.1879,51417
2020-06-22 16:00:00,XRPUSD,32873,0.188,0.1881,6362
2020-06-22 17:00:00,XRPUSD,31307,0.1893,0.1894,23161
2020-06-22 18:00:00,XRPUSD,13455,0.1893,0.1894,64518
2020-06-22 19:00:00,XRPUSD,64348,0.1889,0.189,16427
2020-06-22 20:00:00,XRPUSD,38626,0.1887,0.1888,14926
2020-06-22 21:00:00,XRPUSD,42425,0.1895,0.1896,10997
2020-06-22 22:00:00,XRPUSD,167130,0.1898,0.1899,62251
2020-06-22 23:00:00,XRPUSD,53292,0.1897,0.1898,100407
2020-06-23 00:00:00,XRPUSD,22420,0.1895,0.1896,79757
2020-06-23 01:00:00,XRPUSD,12377,0.1896,0.1897,121822
2020-06-23 02:00:00,XRPUSD,290376,0.1889,0.189,92876
2020-06-23 03:00:00,XRPUSD,266591,0.1889,0.189,55692
2020-06-23 04:00:00,XRPUSD,31079,0.1891,0.1892,145845
2020-06-23 05:00:00,XRPUSD,56597,0.1888,0.1889,121276
2020-06-23 06:00:00,XRPUSD,96620,0.1887,0.1888,256262
2020-06-23 07:00:00,XRPUSD,28417,0.1889,0.189,69614
2020-06-23 08:00:00,XRPUSD,40084,0.1892,0.1893,55221
2020-06-23 09:00:00,XRPUSD,13135,0.1888,0.1889,85562
2020-06-23 10:00:00,XRPUSD,68854,0.1886,0.1887,68881
2020-06-23 11:00:00,XRPUSD,19879,0.1887,0.1888,55318
2020-06-23 12:00:00,XRPUSD,6500,0.1891,0.1892,10146
2020-06-23 13:00:00,XRPUSD,25110,0.1889,0.189,84796
2020-06-23 14:00:00,XRPUSD,50847,0.1891,0.1892,50658
2020-06-23 15:00:00,XRPUSD,70575,0.189,0.1891,27759
2020-06-23 16:00:00,XRPUSD,94873,0.1891,0.1892,53916
2020-06-23 17:00:00,XRPUSD,327244,0.1888,0.1889,14313
2020-06-23 18:00:00,XRPUSD,336168,0.1892,0.1893,41191
2020-06-23 19:00:00,XRPUSD,12092,0.1894,0.1895,167895
2020-06-23 20:00:00,XRPUSD,34537,0.1891,0.1892,33418
2020-06-23 21:00:00,XRPUSD,44522,0.1892,0.1893,120075
2020-06-23 22:00:00,XRPUSD,233579,0.1895,0.1896,6194
2020-06-23 23:00:00,XRPUSD,210667,0.1885,0.1886,30791
2020-06-24 00:00:00,XRPUSD,52811,0.1887,0.1888,17140
2020-06-24 01:00:00,XRPUSD,66229,0.1891,0.1892,24833
2020-06-24 02:00:00,XRPUSD,56502,0.1892,0.1893,37375
2020-06-24 03:00:00,XRPUSD,51021,0.1896,0.1897,20578
2020-06-24 04:00:00,XRPUSD,73516,0.1895,0.1896,159222
2020-06-24 05:00:00,XRPUSD,117209,0.1901,0.1902,9455
2020-06-24 06:00:00,XRPUSD,76375,0.1898,0.1899,159372
2020-06-24 07:00:00,XRPUSD,15387,0.19,0.1901,111798
2020-06-24 08:00:00,XRPUSD,25698,0.1862,0.1863,22583
2020-06-24 09:00:00,XRPUSD,57514,0.1861,0.1862,29224
2020-06-24 10:00:00,XRPUSD,43694,0.1862,0.1863,109025
2020-06-24 11:00:00,XRPUSD,80181,0.1834,0.1835,40252
2020-06-24 12:00:00,XRPUSD,260595,0.1825,0.1826,2000
2020-06-24 13:00:00,XRPUSD,12233,0.1843,0.1844,25511
2020-06-24 14:00:00,XRPUSD,102,0.1837,0.1838,209971
2020-06-24 15:00:00,XRPUSD,56177,0.1823,0.1824,9470
2020-06-24 16:00:00,XRPUSD,268562,0.1816,0.1817,379
2020-06-24 17:00:00,XRPUSD,65821,0.1825,0.1826,54100
2020-06-24 18:00:00,XRPUSD,137375,0.1827,0.1828,78123
2020-06-24 19:00:00,XRPUSD,52213,0.1829,0.183,5948
2020-06-24 20:00:00,XRPUSD,14540,0.183,0.1831,19993
2020-06-24 21:00:00,XRPUSD,25146,0.183,0.1831,27773
2020-06-24 22:00:00,XRPUSD,28404,0.183,0.1831,29495
2020-06-24 23:00:00,XRPUSD,75022,0.1833,0.1834,4725
2020-06-25 00:00:00,XRPUSD,33828,0.1831,0.1832,11188
2020-06-25 01:00:00,XRPUSD,990,0.1828,0.1829,289554
2020-06-25 02:00:00,XRPUSD,7993,0.1836,0.1837,63882
2020-06-25 03:00:00,XRPUSD,64988,0.1827,0.1828,11777
2020-06-25 04:00:00,XRPUSD,31128,0.1802,0.1803,98392
2020-06-25 05:00:00,XRPUSD,20639,0.1802,0.1803,47566
2020-06-25 06:00:00,XRPUSD,37375,0.1817,0.1818,7137
2020-06-25 07:00:00,XRPUSD,27664,0.1816,0.1817,8286
2020-06-25 08:00:00,XRPUSD,53130,0.1814,0.1815,27520
2020-06-25 09:00:00,XRPUSD,465092,0.1833,0.1834,43500
2020-06-25 10:00:00,XRPUSD,19325,0.1827,0.1828,41864
2020-06-25 11:00:00,XRPUSD,33944,0.1825,0.1826,19709
2020-06-25 12:00:00,XRPUSD,603,0.1828,0.1829,250217
2020-06-25 13:00:00,XRPUSD,91293,0.1813,0.1814,1317
2020-06-25 14:00:00,XRPUSD,55840,0.1818,0.1819,101313
2020-06-25 15:00:00,XRPUSD,51118,0.1826,0.1827,19164
2020-06-25 16:00:00,XRPUSD,53629,0.1821,0.1822,14220
2020-06-25 17:00:00,XRPUSD,66137,0.1825,0.1826,28276
2020-06-25 18:00:00,XRPUSD,44712,0.1822,0.1823,32947
2020-06-25 19:00:00,XRPUSD,47905,0.1816,0.1817,36716
2020-06-25 20:00:00,XRPUSD,96049,0.1824,0.1825,4033
2020-06-25 21:00:00,XRPUSD,26237,0.1819,0.182,28446
2020-06-25 22:00:00,XRPUSD,45341,0.1824,0.1825,38989
2020-06-25 23:00:00,XRPUSD,97561,0.1814,0.1815,11683
2020-06-26 00:00:00,XRPUSD,32866,0.1814,0.1815,203835
2020-06-26 01:00:00,XRPUSD,5480,0.1821,0.1822,74995
2020-06-26 02:00:00,XRPUSD,120657,0.182,0.1821,3313
2020-06-26 03:00:00,XRPUSD,100535,0.1823,0.1824,35676
2020-06-26 04:00:00,XRPUSD,44833,0.1825,0.1826,57154
2020-06-26 05:00:00,XRPUSD,41762,0.1826,0.1827,59038
2020-06-26 06:00:00,XRPUSD,16840,0.1818,0.1819,61633
2020-06-26 07:00:00,XRPUSD,38884,0.1811,0.1812,97643
2020-06-26 08:00:00,XRPUSD,37437,0.1787,0.1789,54421
2020-06-26 09:00:00,XRPUSD,91903,0.1793,0.1794,3000
2020-06-26 10:00:00,XRPUSD,10213,0.1802,0.1803,64908
2020-06-26 11:00:00,XRPUSD,25975,0.1802,0.1803,15205
2020-06-26 12:00:00,XRPUSD,47418,0.1851,0.1852,10944
2020-06-26 13:00:00,XRPUSD,40288,0.1852,0.1853,38739
2020-06-26 14:00:00,XRPUSD,10366,0.1837,0.1838,54512
2020-06-26 15:00:00,XRPUSD,19399,0.1815,0.1816,17823
2020-06-26 16:00:00,XRPUSD,91727,0.1826,0.1827,17990
2020-06-26 17:00:00,XRPUSD,57507,0.1827,0.1828,4342
2020-06-26 18:00:00,XRPUSD,9546,0.183,0.1831,28921
2020-06-26 19:00:00,XRPUSD,46563,0.1828,0.1829,32247
2020-06-26 20:00:00,XRPUSD,11600,0.1832,0.1833,109522
2020-06-26 21:00:00,XRPUSD,20501,0.1833,0.1834,135045
2020-06-26 22:00:00,XRPUSD,14770,0.1832,0.1833,120800
2020-06-26 23:00:00,XRPUSD,6932,0.1828,0.1829,86165
2020-06-27 00:00:00,XRPUSD,34356,0.1825,0.1826,437150
2020-06-27 01:00:00,XRPUSD,61066,0.1822,0.1823,21227
2020-06-27 02:00:00,XRPUSD,136194,0.1825,0.1826,11796
2020-06-27 03:00:00,XRPUSD,105544,0.182,0.1821,6895
2020-06-27 04:00:00,XRPUSD,23325,0.1828,0.1829,56542
2020-06-27 05:00:00,XRPUSD,118543,0.1825,0.1826,2305
2020-06-27 06:00:00,XRPUSD,64937,0.1829,0.183,51676
2020-06-27 07:00:00,XRPUSD,59802,0.1831,0.1832,56430
2020-06-27 08:00:00,XRPUSD,75984,0.1825,0.1826,13524
2020-06-27 09:00:00,XRPUSD,62006,0.1825,0.1826,34791
2020-06-27 10:00:00,XRPUSD,23492,0.1818,0.1819,49812
2020-06-27 11:00:00,XRPUSD,24042,0.1815,0.1816,38033
2020-06-27 12:00:00,XRPUSD,20623,0.1819,0.182,56135
2020-06-27 13:00:00,XRPUSD,77570,0.1816,0.1817,2556
2020-06-27 14:00:00,XRPUSD,44620,0.1816,0.1817,30872
2020-06-27 15:00:00,XRPUSD,18561,0.1819,0.182,349874
2020-06-27 16:00:00,XRPUSD,2708,0.1807,0.1808,297282
2020-06-27 17:00:00,XRPUSD,6442,0.1794,0.1795,30302
2020-06-27 18:00:00,XRPUSD,17046,0.1791,0.1792,32620
2020-06-27 19:00:00,XRPUSD,25236,0.1792,0.1793,20783
2020-06-27 20:00:00,XRPUSD,3117,0.1706,0.1708,7838
2020-06-27 21:00:00,XRPUSD,101,0.1734,0.1735,20600
2020-06-27 22:00:00,XRPUSD,823,0.1765,0.1766,255402
2020-06-27 23:00:00,XRPUSD,74903,0.1749,0.175,11359
2020-06-28 00:00:00,XRPUSD,14088,0.1748,0.1749,126399
2020-06-28 01:00:00,XRPUSD,66629,0.1739,0.174,114277
2020-06-28 02:00:00,XRPUSD,7155,0.1736,0.1737,5813
2020-06-28 03:00:00,XRPUSD,95549,0.174,0.1741,24647
2020-06-28 04:00:00,XRPUSD,25563,0.1745,0.1746,140867
2020-06-28 05:00:00,XRPUSD,122442,0.1735,0.1736,5858
2020-06-28 06:00:00,XRPUSD,56387,0.1744,0.1745,17380
2020-06-28 07:00:00,XRPUSD,74717,0.1762,0.1763,19369
2020-06-28 08:00:00,XRPUSD,28797,0.1764,0.1765,55387
2020-06-28 09:00:00,XRPUSD,64447,0.1766,0.1767,44184
2020-06-28 10:00:00,XRPUSD,8765,0.1784,0.1785,23358
2020-06-28 11:00:00,XRPUSD,80388,0.1779,0.178,16734
2020-06-28 12:00:00,XRPUSD,44860,0.1777,0.1778,18068
2020-06-28 13:00:00,XRPUSD,266249,0.1778,0.1779,1427
2020-06-28 14:00:00,XRPUSD,30275,0.1769,0.177,44029
2020-06-28 15:00:00,XRPUSD,5227,0.1785,0.1786,15361
2020-06-28 16:00:00,XRPUSD,28780,0.1789,0.179,60029
2020-06-28 17:00:00,XRPUSD,682,0.1785,0.1786,232897
2020-06-28 18:00:00,XRPUSD,74290,0.1783,0.1784,7629
2020-06-28 19:00:00,XRPUSD,91831,0.1777,0.1778,9600
2020-06-28 20:00:00,XRPUSD,11520,0.1766,0.1767,22927
2020-06-28 21:00:00,XRPUSD,42578,0.1773,0.1774,10728
2020-06-28 22:00:00,XRPUSD,26022,0.1771,0.1772,117608
2020-06-28 23:00:00,XRPUSD,240363,0.177,0.1771,8121
2020-06-29 00:00:00,XRPUSD,1934,0.1769,0.177,110496
2020-06-29 01:00:00,XRPUSD,74063,0.1769,0.177,151218
2020-06-29 02:00:00,XRPUSD,93823,0.1777,0.1778,1189
2020-06-29 03:00:00,XRPUSD,165941,0.1773,0.1774,38957
2020-06-29 04:00:00,XRPUSD,59118,0.1767,0.1768,19309
2020-06-29 05:00:00,XRPUSD,19546,0.1768,0.1769,49900
2020-06-29 06:00:00,XRPUSD,639,0.1768,0.1769,118745
2020-06-29 07:00:00,XRPUSD,91322,0.1755,0.1756,21003
2020-06-29 08:00:00,XRPUSD,19984,0.176,0.1761,58929
2020-06-29 09:00:00,XRPUSD,19089,0.1759,0.176,89026
2020-06-29 10:00:00,XRPUSD,88565,0.1766,0.1767,68658
2020-06-29 11:00:00,XRPUSD,98547,0.1758,0.1759,23185
2020-06-29 12:00:00,XRPUSD,86892,0.1763,0.1764,19626
2020-06-29 13:00:00,XRPUSD,32578,0.177,0.1771,39357
2020-06-29 14:00:00,XRPUSD,24643,0.1756,0.1757,50469
2020-06-29 15:00:00,XRPUSD,5253,0.1758,0.1759,113582
2020-06-29 16:00:00,XRPUSD,4315,0.1769,0.177,83899
2020-06-29 17:00:00,XRPUSD,284262,0.1768,0.1769,1596
2020-06-29 18:00:00,XRPUSD,57408,0.1775,0.1776,7827
2020-06-29 19:00:00,XRPUSD,72971,0.177,0.1771,6616
2020-06-29 20:00:00,XRPUSD,127261,0.1776,0.1777,15887
2020-06-29 21:00:00,XRPUSD,66132,0.178,0.1781,23910
2020-06-29 22:00:00,XRPUSD,306275,0.1786,0.1788,600
2020-06-29 23:00:00,XRPUSD,74379,0.1778,0.1779,33705
2020-06-30 00:00:00,XRPUSD,27383,0.1772,0.1773,52206
2020-06-30 01:00:00,XRPUSD,11453,0.1772,0.1773,121291
2020-06-30 02:00:00,XRPUSD,10014,0.1775,0.1776,112698
2020-06-30 03:00:00,XRPUSD,109750,0.1771,0.1772,24586
2020-06-30 04:00:00,XRPUSD,42679,0.177,0.1771,330755
2020-06-30 05:00:00,XRPUSD,454614,0.1768,0.1769,348282
2020-06-30 06:00:00,XRPUSD,45633,0.1765,0.1766,308899
2020-06-30 07:00:00,XRPUSD,84314,0.1774,0.1775,30583
2020-06-30 08:00:00,XRPUSD,6075,0.1768,0.1769,97213
2020-06-30 09:00:00,XRPUSD,40914,0.1764,0.1765,69417
2020-06-30 10:00:00,XRPUSD,78530,0.1767,0.1768,91036
2020-06-30 11:00:00,XRPUSD,526616,0.1766,0.1767,5784
2020-06-30 12:00:00,XRPUSD,17063,0.1768,0.1769,20009
2020-06-30 13:00:00,XRPUSD,13544,0.1755,0.1756,97118
2020-06-30 14:00:00,XRPUSD,8624,0.1758,0.1759,63263
2020-06-30 15:00:00,XRPUSD,33513,0.1766,0.1767,95032
2020-06-30 16:00:00,XRPUSD,22063,0.1764,0.1765,25893
2020-06-30 17:00:00,XRPUSD,51138,0.1763,0.1764,64825
2020-06-30 18:00:00,XRPUSD,95696,0.1755,0.1756,49014
2020-06-30 19:00:00,XRPUSD,17079,0.1752,0.1753,71526
2020-06-30 20:00:00,XRPUSD,8972,0.1756,0.1757,25557
2020-06-30 21:00:00,XRPUSD,55650,0.1758,0.1759,35480
2020-06-30 22:00:00,XRPUSD,68762,0.1759,0.176,71614
2020-06-30 23:00:00,XRPUSD,10181,0.1751,0.1752,242375
2020-07-01 00:00:00,XRPUSD,39855,0.1754,0.1755,76073
2020-07-01 01:00:00,XRPUSD,7079,0.1746,0.1747,61393
2020-07-01 02:00:00,XRPUSD,63289,0.175,0.1751,15547
2020-07-01 03:00:00,XRPUSD,74928,0.1753,0.1754,808
2020-07-01 04:00:00,XRPUSD,128572,0.1757,0.1758,1060
2020-07-01 05:00:00,XRPUSD,83694,0.1757,0.1758,34363
2020-07-01 06:00:00,XRPUSD,19988,0.1758,0.1759,86677
2020-07-01 07:00:00,XRPUSD,1055,0.1754,0.1755,146060
2020-07-01 08:00:00,XRPUSD,51661,0.1752,0.1753,64928
2020-07-01 09:00:00,XRPUSD,68725,0.1762,0.1763,16965
2020-07-01 10:00:00,XRPUSD,124491,0.176,0.1761,15955
2020-07-01 11:00:00,XRPUSD,88978,0.1756,0.1757,10669
2020-07-01 12:00:00,XRPUSD,169693,0.1757,0.1758,58417
2020-07-01 13:00:00,XRPUSD,276575,0.1756,0.1757,256747
2020-07-01 14:00:00,XRPUSD,152474,0.1766,0.1767,3474
2020-07-01 15:00:00,XRPUSD,163286,0.1767,0.1768,15500
2020-07-01 16:00:00,XRPUSD,105664,0.1773,0.1774,38808
2020-07-01 17:00:00,XRPUSD,105629,0.1777,0.1778,6306
2020-07-01 18:00:00,XRPUSD,16517,0.1778,0.1779,174420
2020-07-01 19:00:00,XRPUSD,28964,0.1774,0.1775,136226
2020-07-01 20:00:00,XRPUSD,24569,0.1762,0.1763,26093
2020-07-01 21:00:00,XRPUSD,14130,0.1766,0.1767,46352
2020-07-01 22:00:00,XRPUSD,176860,0.1772,0.1773,1010
2020-07-01 23:00:00,XRPUSD,10372,0.1769,0.177,130702
2020-07-02 00:00:00,XRPUSD,19469,0.1767,0.1768,54514
2020-07-02 01:00:00,XRPUSD,74660,0.1767,0.1768,15829
2020-07-02 02:00:00,XRPUSD,79525,0.1771,0.1772,676
2020-07-02 03:00:00,XRPUSD,5616,0.1771,0.1772,330792
2020-07-02 04:00:00,XRPUSD,29006,0.1772,0.1773,99497
2020-07-02 05:00:00,XRPUSD,58462,0.1771,0.1772,31986
2020-07-02 06:00:00,XRPUSD,46598,0.1764,0.1765,21805
2020-07-02 07:00:00,XRPUSD,22152,0.1769,0.177,130999
2020-07-02 08:00:00,XRPUSD,32817,0.1764,0.1765,84532
2020-07-02 09:00:00,XRPUSD,316015,0.1762,0.1763,1238
2020-07-02 10:00:00,XRPUSD,61258,0.1761,0.1762,158581
2020-07-02 11:00:00,XRPUSD,31709,0.1762,0.1763,62564
2020-07-02 12:00:00,XRPUSD,78642,0.176,0.1761,50766
2020-07-02 13:00:00,XRPUSD,14376,0.1768,0.1769,146812
2020-07-02 14:00:00,XRPUSD,73299,0.1772,0.1773,107949
2020-07-02 15:00:00,XRPUSD,29451,0.1761,0.1762,82305
2020-07-02 16:00:00,XRPUSD,12455,0.1737,0.1738,25227
2020-07-02 17:00:00,XRPUSD,27714,0.1739,0.174,45031
2020-07-02 18:00:00,XRPUSD,41593,0.1743,0.1744,56531
2020-07-02 19:00:00,XRPUSD,30302,0.1744,0.1745,70832
2020-07-02 20:00:00,XRPUSD,51492,0.1741,0.1742,41790
2020-07-02 21:00:00,XRPUSD,62246,0.1746,0.1747,21353
2020-07-02 22:00:00,XRPUSD,41807,0.1753,0.1754,1719
2020-07-02 23:00:00,XRPUSD,90789,0.1753,0.1754,87358
2020-07-03 00:00:00,XRPUSD,28143,0.175,0.1751,45905
2020-07-03 01:00:00,XRPUSD,12994,0.1755,0.1756,118260
2020-07-03 02:00:00,XRPUSD,104202,0.1762,0.1763,64590
2020-07-03 03:00:00,XRPUSD,27681,0.1754,0.1755,58372
2020-07-03 04:00:00,XRPUSD,14289,0.1754,0.1755,66431
2020-07-03 05:00:00,XRPUSD,149634,0.1751,0.1752,33463
2020-07-03 06:00:00,XRPUSD,148805,0.1756,0.1757,50766
2020-07-03 07:00:00,XRPUSD,177682,0.1758,0.1759,7542
2020-07-03 08:00:00,XRPUSD,17522,0.1774,0.1775,30148
2020-07-03 09:00:00,XRPUSD,24433,0.177,0.1771,71897
2020-07-03 10:00:00,XRPUSD,33550,0.1766,0.1767,65623
2020-07-03 11:00:00,XRPUSD,82631,0.1769,0.177,26328
2020-07-03 12:00:00,XRPUSD,37332,0.177,0.1771,21597
2020-07-03 13:00:00,XRPUSD,38938,0.177,0.1771,71755
2020-07-03 14:00:00,XRPUSD,41090,0.177,0.1771,38500
2020-07-03 15:00:00,XRPUSD,33997,0.1764,0.1765,77089
2020-07-03 16:00:00,XRPUSD,245728,0.1771,0.1772,41421
2020-07-03 17:00:00,XRPUSD,12308,0.1771,0.1772,81482
2020-07-03 18:00:00,XRPUSD,370894,0.1766,0.1767,41577
2020-07-03 19:00:00,XRPUSD,38304,0.1765,0.1766,114702
2020-07-03 20:00:00,XRPUSD,11229,0.1768,0.1769,78686
2020-07-03 21:00:00,XRPUSD,128512,0.1772,0.1773,48529
2020-07-03 22:00:00,XRPUSD,120190,0.1774,0.1775,16027
2020-07-03 23:00:00,XRPUSD,1120,0.1766,0.1767,357306
2020-07-04 00:00:00,XRPUSD,25924,0.1763,0.1764,41698
2020-07-04 01:00:00,XRPUSD,26010,0.1768,0.1769,23343
2020-07-04 02:00:00,XRPUSD,169259,0.1772,0.1773,1239
2020-07-04 03:00:00,XRPUSD,124790,0.178,0.1781,1064
2020-07-04 04:00:00,XRPUSD,52624,0.1779,0.178,248810
2020-07-04 05:00:00,XRPUSD,64097,0.1773,0.1774,246426
2020-07-04 06:00:00,XRPUSD,77978,0.1774,0.1775,10413
2020-07-04 07:00:00,XRPUSD,49780,0.1771,0.1772,44939
2020-07-04 08:00:00,XRPUSD,72122,0.1777,0.1778,14075
2020-07-04 09:00:00,XRPUSD,24560,0.1779,0.178,53120
2020-07-04 10:00:00,XRPUSD,31508,0.1775,0.1776,212405
2020-07-04 11:00:00,XRPUSD,48822,0.1772,0.1773,48024
2020-07-04 12:00:00,XRPUSD,65824,0.1774,0.1775,13659
2020-07-04 13:00:00,XRPUSD,126278,0.1777,0.1778,26832
2020-07-04 14:00:00,XRPUSD,67320,0.178,0.1781,54886
2020-07-04 15:00:00,XRPUSD,73795,0.1773,0.1774,10815
2020-07-04 16:00:00,XRPUSD,62347,0.1774,0.1775,74967
2020-07-04 17:00:00,XRPUSD,160877,0.1778,0.1779,13730
2020-07-04 18:00:00,XRPUSD,162215,0.1793,0.1794,5688
2020-07-04 19:00:00,XRPUSD,65181,0.1785,0.1786,23230
2020-07-04 20:00:00,XRPUSD,28210,0.1784,0.1785,50369
2020-07-04 21:00:00,XRPUSD,105151,0.1781,0.1782,10020
2020-07-04 22:00:00,XRPUSD,81094,0.1777,0.1778,62415
2020-07-04 23:00:00,XRPUSD,260738,0.1778,0.1779,45496
2020-07-05 00:00:00,XRPUSD,24425,0.1781,0.1782,140622
2020-07-05 01:00:00,XRPUSD,122,0.1784,0.1785,113786
2020-07-05 02:00:00,XRPUSD,31239,0.1785,0.1786,45620
2020-07-05 03:00:00,XRPUSD,43051,0.1775,0.1776,66371
2020-07-05 04:00:00,XRPUSD,53269,0.1769,0.177,36660
2020-07-05 05:00:00,XRPUSD,85821,0.1768,0.1769,38542
2020-07-05 06:00:00,XRPUSD,218545,0.1758,0.1759,41585
2020-07-05 07:00:00,XRPUSD,38851,0.1761,0.1762,128215
2020-07-05 08:00:00,XRPUSD,43284,0.1765,0.1766,194324
2020-07-05 09:00:00,XRPUSD,63546,0.1767,0.1768,73133
2020-07-05 10:00:00,XRPUSD,28185,0.1754,0.1755,73825
2020-07-05 11:00:00,XRPUSD,39824,0.176,0.1761,94701
2020-07-05 12:00:00,XRPUSD,59726,0.1762,0.1763,80083
2020-07-05 13:00:00,XRPUSD,80152,0.1761,0.1762,31861
2020-07-05 14:00:00,XRPUSD,17235,0.1757,0.1758,107835
2020-07-05 15:00:00,XRPUSD,72879,0.1761,0.1762,53238
2020-07-05 16:00:00,XRPUSD,13775,0.1761,0.1762,249568
2020-07-05 17:00:00,XRPUSD,13413,0.176,0.1761,81626
2020-07-05 18:00:00,XRPUSD,140137,0.1761,0.1762,16000
2020-07-05 19:00:00,XRPUSD,30254,0.1762,0.1763,219104
2020-07-05 20:00:00,XRPUSD,22233,0.1762,0.1763,147709
2020-07-05 21:00:00,XRPUSD,45925,0.1762,0.1763,63744
2020-07-05 22:00:00,XRPUSD,264386,0.1759,0.176,86334
2020-07-05 23:00:00,XRPUSD,18847,0.1771,0.1772,20280
2020-07-06 00:00:00,XRPUSD,10620,0.1772,0.1773,66080
2020-07-06 01:00:00,XRPUSD,4066,0.1768,0.1769,70578
2020-07-06 02:00:00,XRPUSD,113614,0.1773,0.1774,77269
2020-07-06 03:00:00,XRPUSD,168362,0.177,0.1771,15304
2020-07-06 04:00:00,XRPUSD,19792,0.1771,0.1772,63878
2020-07-06 05:00:00,XRPUSD,1643,0.1784,0.1785,133666
2020-07-06 06:00:00,XRPUSD,110808,0.1787,0.1788,30175
2020-07-06 07:00:00,XRPUSD,9919,0.1811,0.1812,82947
2020-07-06 08:00:00,XRPUSD,15166,0.1821,0.1822,194016
2020-07-06 09:00:00,XRPUSD,156435,0.1821,0.1822,21925
2020-07-06 10:00:00,XRPUSD,53058,0.1826,0.1828,260098
2020-07-06 11:00:00,XRPUSD,10765,0.1828,0.1829,142274
2020-07-06 12:00:00,XRPUSD,188,0.1858,0.1859,23915
2020-07-06 13:00:00,XRPUSD,48109,0.1871,0.1872,280490
2020-07-06 14:00:00,XRPUSD,12138,0.1868,0.1869,44163
2020-07-06 15:00:00,XRPUSD,150268,0.1863,0.1864,122041
2020-07-06 16:00:00,XRPUSD,201567,0.1874,0.1875,10411
2020-07-06 17:00:00,XRPUSD,78211,0.1874,0.1875,66980
2020-07-06 18:00:00,XRPUSD,30585,0.187,0.1871,219406
2020-07-06 19:00:00,XRPUSD,104369,0.1862,0.1863,162032
2020-07-06 20:00:00,XRPUSD,26933,0.1864,0.1865,228953
2020-07-06 21:00:00,XRPUSD,52474,0.1863,0.1864,172273
2020-07-06 22:00:00,XRPUSD,33023,0.1861,0.1862,107445
2020-07-06 23:00:00,XRPUSD,251674,0.1877,0.1878,42054
2020-07-07 00:00:00,XRPUSD,116780,0.1887,0.1888,7569
2020-07-07 01:00:00,XRPUSD,104931,0.1882,0.1883,15298
2020-07-07 02:00:00,XRPUSD,3566,0.1885,0.1886,111917
2020-07-07 03:00:00,XRPUSD,59389,0.1875,0.1876,78836
2020-07-07 04:00:00,XRPUSD,115564,0.1876,0.1877,80509
2020-07-07 05:00:00,XRPUSD,95186,0.1871,0.1872,17762
2020-07-07 06:00:00,XRPUSD,83188,0.187,0.1871,70715
2020-07-07 07:00:00,XRPUSD,189,0.1856,0.1857,188065
2020-07-07 08:00:00,XRPUSD,66011,0.1856,0.1857,47413
2020-07-07 09:00:00,XRPUSD,89556,0.1855,0.1856,44360
2020-07-07 10:00:00,XRPUSD,124025,0.1841,0.1842,141939
2020-07-07 11:00:00,XRPUSD,338023,0.1853,0.1854,31590
2020-07-07 12:00:00,XRPUSD,2355,0.1859,0.186,66756
2020-07-07 13:00:00,XRPUSD,67799,0.1852,0.1853,109523
2020-07-07 14:00:00,XRPUSD,32755,0.1854,0.1855,58232
2020-07-07 15:00:00,XRPUSD,23774,0.1855,0.1856,353327
2020-07-07 16:00:00,XRPUSD,111585,0.1859,0.186,55384
2020-07-07 17:00:00,XRPUSD,42991,0.1857,0.1858,290999
2020-07-07 18:00:00,XRPUSD,108031,0.1861,0.1862,61250
2020-07-07 19:00:00,XRPUSD,71669,0.1854,0.1855,138213
2020-07-07 20:00:00,XRPUSD,80693,0.1844,0.1845,149239
2020-07-07 21:00:00,XRPUSD,121543,0.184,0.1841,14461
2020-07-07 22:00:00,XRPUSD,4198,0.1839,0.184,289195
2020-07-07 23:00:00,XRPUSD,96550,0.1847,0.1848,16257
2020-07-08 00:00:00,XRPUSD,201124,0.1852,0.1853,30212
2020-07-08 01:00:00,XRPUSD,118236,0.1849,0.185,20668
2020-07-08 02:00:00,XRPUSD,77603,0.1934,0.1935,58964
2020-07-08 03:00:00,XRPUSD,104334,0.1951,0.1952,57735
2020-07-08 04:00:00,XRPUSD,29196,0.2002,0.2003,1883
2020-07-08 05:00:00,XRPUSD,22546,0.1962,0.1963,10119
2020-07-08 06:00:00,XRPUSD,23209,0.1969,0.197,66542
2020-07-08 07:00:00,XRPUSD,42494,0.1988,0.1989,20902
2020-07-08 08:00:00,XRPUSD,40469,0.1999,0.2,80748
2020-07-08 09:00:00,XRPUSD,44232,0.1989,0.199,64166
2020-07-08 10:00:00,XRPUSD,67940,0.1994,0.1995,9721
2020-07-08 11:00:00,XRPUSD,22656,0.2006,0.2007,10914
2020-07-08 12:00:00,XRPUSD,199,0.2013,0.2014,43219
2020-07-08 13:00:00,XRPUSD,80876,0.1987,0.1988,13980
2020-07-08 14:00:00,XRPUSD,87377,0.2006,0.2007,44003
2020-07-08 15:00:00,XRPUSD,58079,0.1991,0.1992,184395
2020-07-08 16:00:00,XRPUSD,13456,0.1994,0.1995,68659
2020-07-08 17:00:00,XRPUSD,26451,0.2021,0.2022,111526
2020-07-08 18:00:00,XRPUSD,116871,0.2015,0.2016,5592
2020-07-08 19:00:00,XRPUSD,49573,0.2008,0.2009,56848
2020-07-08 20:00:00,XRPUSD,43083,0.202,0.2021,64919
2020-07-08 21:00:00,XRPUSD,147056,0.2032,0.2033,3239
2020-07-08 22:00:00,XRPUSD,21343,0.2051,0.2052,161773
2020-07-08 23:00:00,XRPUSD,10766,0.2049,0.205,64192
2020-07-09 00:00:00,XRPUSD,63490,0.2057,0.2058,4271
2020-07-09 01:00:00,XRPUSD,56091,0.2029,0.203,19032
2020-07-09 02:00:00,XRPUSD,54100,0.199,0.1991,92488
2020-07-09 03:00:00,XRPUSD,153050,0.1999,0.2,41473
2020-07-09 04:00:00,XRPUSD,16482,0.2004,0.2005,95947
2020-07-09 05:00:00,XRPUSD,5762,0.2002,0.2003,162718
2020-07-09 06:00:00,XRPUSD,1468,0.2043,0.2044,77731
2020-07-09 07:00:00,XRPUSD,9942,0.2054,0.2055,31224
2020-07-09 08:00:00,XRPUSD,7182,0.2049,0.205,12166
2020-07-09 09:00:00,XRPUSD,242842,0.2049,0.205,101705
2020-07-09 10:00:00,XRPUSD,182741,0.2047,0.2048,80216
2020-07-09 11:00:00,XRPUSD,44512,0.2035,0.2036,122744
2020-07-09 12:00:00,XRPUSD,9305,0.2084,0.2085,33500
2020-07-09 13:00:00,XRPUSD,39220,0.2106,0.2107,2082
2020-07-09 14:00:00,XRPUSD,29244,0.2086,0.2087,5173
2020-07-09 15:00:00,XRPUSD,36320,0.2032,0.2033,2151
2020-07-09 16:00:00,XRPUSD,2189,0.2007,0.2008,32503
2020-07-09 17:00:00,XRPUSD,29547,0.1996,0.1998,33404
2020-07-09 18:00:00,XRPUSD,33187,0.2001,0.2002,84007
2020-07-09 19:00:00,XRPUSD,11104,0.2008,0.2009,8188
2020-07-09 20:00:00,XRPUSD,17745,0.1998,0.1999,120381
2020-07-09 21:00:00,XRPUSD,115258,0.2007,0.2008,2178
2020-07-09 22:00:00,XRPUSD,127145,0.2025,0.2026,10583
2020-07-09 23:00:00,XRPUSD,400,0.2023,0.2024,116812
2020-07-10 00:00:00,XRPUSD,22462,0.2027,0.2028,35867
2020-07-10 01:00:00,XRPUSD,19258,0.1998,0.1999,92779
2020-07-10 02:00:00,XRPUSD,7693,0.2005,0.2006,123781
2020-07-10 03:00:00,XRPUSD,108632,0.2004,0.2005,67339
2020-07-10 04:00:00,XRPUSD,83492,0.2002,0.2005,16263
2020-07-10 05:00:00,XRPUSD,27833,0.1967,0.1968,127385
2020-07-10 06:00:00,XRPUSD,1672,0.1954,0.1955,118961
2020-07-10 07:00:00,XRPUSD,8314,0.1947,0.1948,143629
2020-07-10 08:00:00,XRPUSD,196000,0.1959,0.196,27684
2020-07-10 09:00:00,XRPUSD,292712,0.1977,0.1978,461240
2020-07-10 10:00:00,XRPUSD,75577,0.1975,0.1976,26946
2020-07-10 11:00:00,XRPUSD,84330,0.1973,0.1974,28700
2020-07-10 12:00:00,XRPUSD,65997,0.1951,0.1952,2784
2020-07-10 13:00:00,XRPUSD,127115,0.1969,0.197,6614
2020-07-10 14:00:00,XRPUSD,96807,0.1967,0.1968,7931
2020-07-10 15:00:00,XRPUSD,58370,0.1978,0.1979,25280
2020-07-10 16:00:00,XRPUSD,5058,0.1987,0.1988,78911
2020-07-10 17:00:00,XRPUSD,41131,0.1993,0.1994,108346
2020-07-10 18:00:00,XRPUSD,213390,0.1994,0.1995,101198
2020-07-10 19:00:00,XRPUSD,70650,0.1983,0.1984,82874
2020-07-10 20:00:00,XRPUSD,105066,0.1981,0.1982,7000
2020-07-10 21:00:00,XRPUSD,226169,0.1982,0.1983,23563
2020-07-10 22:00:00,XRPUSD,62223,0.1977,0.1978,129052
2020-07-10 23:00:00,XRPUSD,10204,0.1981,0.1982,146275
2020-07-11 00:00:00,XRPUSD,149164,0.1993,0.1994,62849
2020-07-11 01:00:00,XRPUSD,56039,0.2007,0.2008,80841
2020-07-11 02:00:00,XRPUSD,13127,0.2043,0.2044,84994
2020-07-11 03:00:00,XRPUSD,38155,0.203,0.2031,94146
2020-07-11 04:00:00,XRPUSD,2000,0.2024,0.2025,26491
2020-07-11 05:00:00,XRPUSD,150512,0.2024,0.2025,6354
2020-07-11 06:00:00,XRPUSD,1752,0.2025,0.2026,131933
2020-07-11 07:00:00,XRPUSD,78749,0.2022,0.2023,161788
2020-07-11 08:00:00,XRPUSD,12641,0.2033,0.2034,25368
2020-07-11 09:00:00,XRPUSD,54132,0.2026,0.2027,73722
2020-07-11 10:00:00,XRPUSD,62462,0.1994,0.1995,79823
2020-07-11 11:00:00,XRPUSD,18034,0.1997,0.1998,125376
2020-07-11 12:00:00,XRPUSD,2000,0.2001,0.2003,315458
2020-07-11 13:00:00,XRPUSD,84494,0.2007,0.2008,81909
2020-07-11 14:00:00,XRPUSD,18999,0.2007,0.2008,292055
2020-07-11 15:00:00,XRPUSD,31712,0.2007,0.2008,35917
2020-07-11 16:00:00,XRPUSD,60581,0.2,0.2001,24753
2020-07-11 17:00:00,XRPUSD,60316,0.1998,0.1999,59000
2020-07-11 18:00:00,XRPUSD,69048,0.2001,0.2002,4020
2020-07-11 19:00:00,XRPUSD,97517,0.2001,0.2002,26353
2020-07-11 20:00:00,XRPUSD,59582,0.1985,0.1986,17004
2020-07-11 21:00:00,XRPUSD,20083,0.1999,0.2,32267
2020-07-11 22:00:00,XRPUSD,44996,0.2011,0.2012,69356
2020-07-11 23:00:00,XRPUSD,119499,0.2009,0.201,91078
2020-07-12 00:00:00,XRPUSD,88034,0.2013,0.2014,28184
2020-07-12 01:00:00,XRPUSD,190722,0.2021,0.2022,10221
2020-07-12 02:00:00,XRPUSD,32092,0.2021,0.2022,209339
2020-07-12 03:00:00,XRPUSD,117139,0.2019,0.202,27363
2020-07-12 04:00:00,XRPUSD,23478,0.2019,0.202,23310
2020-07-12 05:00:00,XRPUSD,41587,0.2013,0.2014,104707
2020-07-12 06:00:00,XRPUSD,280002,0.2003,0.2004,14516
2020-07-12 07:00:00,XRPUSD,201457,0.2003,0.2004,14635
2020-07-12 08:00:00,XRPUSD,154931,0.2007,0.2008,383279
2020-07-12 09:00:00,XRPUSD,111319,0.2008,0.2009,1080
2020-07-12 10:00:00,XRPUSD,195037,0.2013,0.2014,52664
2020-07-12 11:00:00,XRPUSD,94369,0.2015,0.2016,230675
2020-07-12 12:00:00,XRPUSD,412233,0.2007,0.2008,2921
2020-07-12 13:00:00,XRPUSD,160319,0.2021,0.2022,43133
2020-07-12 14:00:00,XRPUSD,37539,0.1979,0.198,71724
2020-07-12 15:00:00,XRPUSD,733,0.1992,0.1993,612904
2020-07-12 16:00:00,XRPUSD,79562,0.1989,0.199,54373
2020-07-12 17:00:00,XRPUSD,2105,0.1991,0.1992,106882
2020-07-12 18:00:00,XRPUSD,118378,0.1987,0.1988,103111
2020-07-12 19:00:00,XRPUSD,8191,0.1988,0.1989,67455
2020-07-12 20:00:00,XRPUSD,229,0.1993,0.1994,101488
2020-07-12 21:00:00,XRPUSD,96838,0.1994,0.1995,47871
2020-07-12 22:00:00,XRPUSD,316419,0.1999,0.2,49078
2020-07-12 23:00:00,XRPUSD,2890,0.2011,0.2012,139961
2020-07-13 00:00:00,XRPUSD,44867,0.2014,0.2015,115823
2020-07-13 01:00:00,XRPUSD,59000,0.2007,0.2008,37224
2020-07-13 02:00:00,XRPUSD,133688,0.2001,0.2002,13735
2020-07-13 03:00:00,XRPUSD,97721,0.1999,0.2,150374
2020-07-13 04:00:00,XRPUSD,23315,0.1995,0.1996,21859
2020-07-13 05:00:00,XRPUSD,70898,0.1996,0.1997,71071
2020-07-13 06:00:00,XRPUSD,12297,0.2007,0.2008,181157
2020-07-13 07:00:00,XRPUSD,60960,0.1997,0.1998,105952
2020-07-13 08:00:00,XRPUSD,72452,0.2003,0.2004,134203
2020-07-13 09:00:00,XRPUSD,36395,0.2013,0.2014,70171
2020-07-13 10:00:00,XRPUSD,95953,0.2009,0.201,166
2020-07-13 11:00:00,XRPUSD,108553,0.2013,0.2014,222
2020-07-13 12:00:00,XRPUSD,110520,0.2029,0.203,25571
2020-07-13 13:00:00,XRPUSD,241289,0.2062,0.2063,25560
2020-07-13 14:00:00,XRPUSD,75701,0.2044,0.2045,64771
2020-07-13 15:00:00,XRPUSD,40925,0.2023,0.2024,2000
2020-07-13 16:00:00,XRPUSD,5724,0.2028,0.2029,120803
2020-07-13 17:00:00,XRPUSD,66134,0.2032,0.2033,11406
2020-07-13 18:00:00,XRPUSD,2448,0.2028,0.2029,135238
2020-07-13 19:00:00,XRPUSD,2044,0.2016,0.2017,312240
2020-07-13 20:00:00,XRPUSD,19529,0.1965,0.1966,23156
2020-07-13 21:00:00,XRPUSD,1223,0.1983,0.1984,217259
2020-07-13 22:00:00,XRPUSD,10028,0.1984,0.1985,3507
2020-07-13 23:00:00,XRPUSD,110575,0.1988,0.1989,132843
2020-07-14 00:00:00,XRPUSD,27361,0.1987,0.1988,219919
2020-07-14 01:00:00,XRPUSD,64203,0.1974,0.1975,66114
2020-07-14 02:00:00,XRPUSD,7919,0.198,0.1981,226385
2020-07-14 03:00:00,XRPUSD,118146,0.1982,0.1983,25347
2020-07-14 04:00:00,XRPUSD,22902,0.1974,0.1975,195345
2020-07-14 05:00:00,XRPUSD,156689,0.1963,0.1964,9193
2020-07-14 06:00:00,XRPUSD,144184,0.1966,0.1967,12155
2020-07-14 07:00:00,XRPUSD,66988,0.1967,0.1968,49924
2020-07-14 08:00:00,XRPUSD,2177,0.1969,0.197,60572
2020-07-14 09:00:00,XRPUSD,35768,0.1976,0.1977,123060
2020-07-14 10:00:00,XRPUSD,19897,0.1978,0.1979,86025
2020-07-14 11:00:00,XRPUSD,8637,0.1975,0.1976,62333
2020-07-14 12:00:00,XRPUSD,56775,0.1992,0.1993,16090
2020-07-14 13:00:00,XRPUSD,85382,0.1987,0.1988,35609
2020-07-14 14:00:00,XRPUSD,57099,0.1978,0.1979,37543
2020-07-14 15:00:00,XRPUSD,88005,0.1983,0.1984,81512
2020-07-14 16:00:00,XRPUSD,80246,0.1983,0.1984,67348
2020-07-14 17:00:00,XRPUSD,110137,0.1983,0.1984,33980
2020-07-14 18:00:00,XRPUSD,80605,0.1988,0.1989,7745
2020-07-14 19:00:00,XRPUSD,173700,0.1988,0.1989,2034
2020-07-14 20:00:00,XRPUSD,100275,0.1995,0.1997,113728
2020-07-14 21:00:00,XRPUSD,105692,0.1993,0.1994,102586
2020-07-14 22:00:00,XRPUSD,143253,0.1988,0.1989,841
2020-07-14 23:00:00,XRPUSD,263166,0.1988,0.1989,51119
2020-07-15 00:00:00,XRPUSD,93396,0.199,0.1991,22064
2020-07-15 01:00:00,XRPUSD,11616,0.1992,0.1993,97954
2020-07-15 02:00:00,XRPUSD,74093,0.1993,0.1994,44362
2020-07-15 03:00:00,XRPUSD,34899,0.1988,0.1989,139063
2020-07-15 04:00:00,XRPUSD,16146,0.1985,0.1986,64425
2020-07-15 05:00:00,XRPUSD,139117,0.1991,0.1992,12075
2020-07-15 06:00:00,XRPUSD,80283,0.1989,0.199,65805
2020-07-15 07:00:00,XRPUSD,24309,0.1984,0.1985,170563
2020-07-15 08:00:00,XRPUSD,68812,0.1981,0.1982,110044
2020-07-15 09:00:00,XRPUSD,171520,0.1977,0.1978,137556
2020-07-15 10:00:00,XRPUSD,23636,0.1976,0.1977,97841
2020-07-15 11:00:00,XRPUSD,126885,0.1991,0.1992,58219
2020-07-15 12:00:00,XRPUSD,10679,0.1987,0.1988,55035
2020-07-15 13:00:00,XRPUSD,275642,0.1988,0.1989,33406
2020-07-15 14:00:00,XRPUSD,105155,0.1983,0.1984,15111
2020-07-15 15:00:00,XRPUSD,82499,0.1984,0.1985,74204
2020-07-15 16:00:00,XRPUSD,91849,0.1968,0.1969,42712
2020-07-15 17:00:00,XRPUSD,83248,0.1977,0.1978,101289
2020-07-15 18:00:00,XRPUSD,81390,0.1975,0.1976,159031
2020-07-15 19:00:00,XRPUSD,37463,0.1973,0.1974,118052
2020-07-15 20:00:00,XRPUSD,18134,0.1971,0.1972,96355
2020-07-15 21:00:00,XRPUSD,20276,0.1982,0.1983,214840
2020-07-15 22:00:00,XRPUSD,95270,0.1984,0.1985,63835
2020-07-15 23:00:00,XRPUSD,16013,0.1974,0.1975,367718
2020-07-16 00:00:00,XRPUSD,141094,0.1973,0.1974,82852
2020-07-16 01:00:00,XRPUSD,33492,0.1973,0.1974,62571
2020-07-16 02:00:00,XRPUSD,69242,0.1975,0.1976,72514
2020-07-16 03:00:00,XRPUSD,16297,0.1967,0.1968,78863
2020-07-16 04:00:00,XRPUSD,26839,0.1967,0.1968,33502
2020-07-16 05:00:00,XRPUSD,18803,0.1966,0.1967,134518
2020-07-16 06:00:00,XRPUSD,210622,0.197,0.1971,45606
2020-07-16 07:00:00,XRPUSD,35017,0.1947,0.1948,86672
2020-07-16 08:00:00,XRPUSD,3562,0.1914,0.1915,97462
2020-07-16 09:00:00,XRPUSD,54473,0.1914,0.1915,64614
2020-07-16 10:00:00,XRPUSD,51,0.1897,0.1898,248064
2020-07-16 11:00:00,XRPUSD,178660,0.1906,0.1907,6080
2020-07-16 12:00:00,XRPUSD,32483,0.19,0.1901,291578
2020-07-16 13:00:00,XRPUSD,73897,0.1901,0.1902,126554
2020-07-16 14:00:00,XRPUSD,179388,0.1907,0.1908,34025
2020-07-16 15:00:00,XRPUSD,20743,0.192,0.1921,124450
2020-07-16 16:00:00,XRPUSD,13406,0.1921,0.1922,104029
2020-07-16 17:00:00,XRPUSD,37380,0.1917,0.1918,89992
2020-07-16 18:00:00,XRPUSD,122964,0.1925,0.1926,113757
2020-07-16 19:00:00,XRPUSD,179937,0.1919,0.192,13305
2020-07-16 20:00:00,XRPUSD,1794,0.1923,0.1924,188960
2020-07-16 21:00:00,XRPUSD,661134,0.1921,0.1922,21096
2020-07-16 22:00:00,XRPUSD,271089,0.1929,0.193,1023
2020-07-16 23:00:00,XRPUSD,188998,0.1933,0.1934,734
2020-07-17 00:00:00,XRPUSD,159739,0.1942,0.1943,48653
2020-07-17 01:00:00,XRPUSD,12915,0.1937,0.1938,133704
2020-07-17 02:00:00,XRPUSD,38612,0.1937,0.1938,214545
2020-07-17 03:00:00,XRPUSD,13026,0.1937,0.1938,124988
2020-07-17 04:00:00,XRPUSD,103851,0.1929,0.193,8596
2020-07-17 05:00:00,XRPUSD,261603,0.192,0.1921,18389
2020-07-17 06:00:00,XRPUSD,23311,0.1922,0.1923,126386
2020-07-17 07:00:00,XRPUSD,105803,0.1927,0.1928,6645
2020-07-17 08:00:00,XRPUSD,6905,0.1924,0.1925,75419
2020-07-17 09:00:00,XRPUSD,40706,0.1924,0.1925,165784
2020-07-17 10:00:00,XRPUSD,77177,0.1925,0.1926,18925
2020-07-17 11:00:00,XRPUSD,188099,0.1927,0.1928,76017
2020-07-17 12:00:00,XRPUSD,30290,0.1958,0.1959,28300
2020-07-17 13:00:00,XRPUSD,26305,0.1969,0.197,168674
2020-07-17 14:00:00,XRPUSD,36719,0.1966,0.1967,56268
2020-07-17 15:00:00,XRPUSD,68221,0.196,0.1961,186205
2020-07-17 16:00:00,XRPUSD,130252,0.1958,0.1959,103420
2020-07-17 17:00:00,XRPUSD,75663,0.1952,0.1953,27201
2020-07-17 18:00:00,XRPUSD,2196,0.194,0.1941,233031
2020-07-17 19:00:00,XRPUSD,112321,0.1941,0.1942,157298
2020-07-17 20:00:00,XRPUSD,8186,0.194,0.1941,208453
2020-07-17 21:00:00,XRPUSD,15109,0.1938,0.1939,87771
2020-07-17 22:00:00,XRPUSD,101134,0.1941,0.1942,198691
2020-07-17 23:00:00,XRPUSD,121111,0.1944,0.1945,35791
2020-07-18 00:00:00,XRPUSD,45756,0.1945,0.1946,10267
2020-07-18 01:00:00,XRPUSD,102371,0.1943,0.1944,83505
2020-07-18 02:00:00,XRPUSD,39520,0.1943,0.1944,249396
2020-07-18 03:00:00,XRPUSD,56002,0.1945,0.1946,87476
2020-07-18 04:00:00,XRPUSD,77386,0.1947,0.1948,50134
2020-07-18 05:00:00,XRPUSD,60866,0.195,0.1951,61055
2020-07-18 06:00:00,XRPUSD,143066,0.195,0.1951,216648
2020-07-18 07:00:00,XRPUSD,102752,0.1943,0.1944,47808
2020-07-18 08:00:00,XRPUSD,38531,0.1946,0.1947,309389
2020-07-18 09:00:00,XRPUSD,51419,0.1952,0.1953,172158
2020-07-18 10:00:00,XRPUSD,8000,0.1956,0.1957,58136
2020-07-18 11:00:00,XRPUSD,74662,0.1954,0.1955,177002
2020-07-18 12:00:00,XRPUSD,142352,0.1957,0.1958,80055
2020-07-18 13:00:00,XRPUSD,23148,0.1963,0.1964,100423
2020-07-18 14:00:00,XRPUSD,56205,0.1978,0.1979,57979
2020-07-18 15:00:00,XRPUSD,67205,0.1985,0.1986,80548
2020-07-18 16:00:00,XRPUSD,105287,0.1988,0.1989,30652
2020-07-18 17:00:00,XRPUSD,223656,0.1983,0.1984,61181
2020-07-18 18:00:00,XRPUSD,4261,0.2014,0.2015,97907
2020-07-18 19:00:00,XRPUSD,111549,0.2008,0.2009,123157
2020-07-18 20:00:00,XRPUSD,9100,0.2003,0.2004,108223
2020-07-18 21:00:00,XRPUSD,71751,0.2013,0.2014,89239
2020-07-18 22:00:00,XRPUSD,30027,0.2013,0.2014,30310
2020-07-18 23:00:00,XRPUSD,478874,0.1996,0.1997,135521
2020-07-19 00:00:00,XRPUSD,7000,0.2001,0.2002,136812
2020-07-19 01:00:00,XRPUSD,75666,0.2012,0.2013,90844
2020-07-19 02:00:00,XRPUSD,89502,0.1995,0.1996,140004
2020-07-19 03:00:00,XRPUSD,113028,0.1991,0.1992,278298
2020-07-19 04:00:00,XRPUSD,670,0.1982,0.1983,73920
2020-07-19 05:00:00,XRPUSD,139857,0.1977,0.1978,32859
2020-07-19 06:00:00,XRPUSD,500244,0.1973,0.1974,21316
2020-07-19 07:00:00,XRPUSD,70776,0.1984,0.1985,8516
2020-07-19 08:00:00,XRPUSD,61963,0.1983,0.1984,20426
2020-07-19 09:00:00,XRPUSD,71570,0.1983,0.1984,140328
2020-07-19 10:00:00,XRPUSD,20147,0.1983,0.1984,89035
2020-07-19 11:00:00,XRPUSD,47126,0.1972,0.1973,197742
2020-07-19 12:00:00,XRPUSD,74780,0.1968,0.1969,1400
2020-07-19 13:00:00,XRPUSD,36167,0.197,0.1971,88578
2020-07-19 14:00:00,XRPUSD,7990,0.197,0.1971,301672
2020-07-19 15:00:00,XRPUSD,77193,0.1974,0.1975,272425
2020-07-19 16:00:00,XRPUSD,78446,0.1968,0.1969,114284
2020-07-19 17:00:00,XRPUSD,242622,0.1978,0.1979,136639
2020-07-19 18:00:00,XRPUSD,190406,0.1981,0.1982,60700
2020-07-19 19:00:00,XRPUSD,63793,0.1993,0.1994,78105
2020-07-19 20:00:00,XRPUSD,299962,0.1995,0.1996,126482
2020-07-19 21:00:00,XRPUSD,54869,0.1994,0.1995,13478
2020-07-19 22:00:00,XRPUSD,90320,0.2002,0.2003,10480
2020-07-19 23:00:00,XRPUSD,105110,0.1996,0.1997,154447
2020-07-20 00:00:00,XRPUSD,103862,0.1998,0.1999,7409
2020-07-20 01:00:00,XRPUSD,3423,0.199,0.1991,134601
2020-07-20 02:00:00,XRPUSD,67485,0.1986,0.1988,79100
2020-07-20 03:00:00,XRPUSD,336973,0.1992,0.1993,290489
2020-07-20 04:00:00,XRPUSD,35205,0.1994,0.1995,116560
2020-07-20 05:00:00,XRPUSD,145511,0.1984,0.1985,10713
2020-07-20 06:00:00,XRPUSD,136918,0.1995,0.1996,23744
2020-07-20 07:00:00,XRPUSD,217585,0.1988,0.1989,234828
2020-07-20 08:00:00,XRPUSD,115753,0.1992,0.1993,125517
2020-07-20 09:00:00,XRPUSD,146288,0.199,0.1991,339777
2020-07-20 10:00:00,XRPUSD,44167,0.1987,0.1988,323060
2020-07-20 11:00:00,XRPUSD,28799,0.1973,0.1974,265589
2020-07-20 12:00:00,XRPUSD,77584,0.1972,0.1973,15843
2020-07-20 13:00:00,XRPUSD,24399,0.1979,0.198,134861
2020-07-20 14:00:00,XRPUSD,11750,0.197,0.1971,143892
2020-07-20 15:00:00,XRPUSD,32917,0.1974,0.1975,123371
2020-07-20 16:00:00,XRPUSD,22928,0.1978,0.1979,75868
2020-07-20 17:00:00,XRPUSD,61790,0.1977,0.1978,92743
2020-07-20 18:00:00,XRPUSD,186635,0.1981,0.1982,38668
2020-07-20 19:00:00,XRPUSD,30750,0.1965,0.1966,635846
2020-07-20 20:00:00,XRPUSD,12797,0.1941,0.1942,64223
2020-07-20 21:00:00,XRPUSD,127266,0.1953,0.1954,111953
2020-07-20 22:00:00,XRPUSD,25899,0.1952,0.1953,160060
2020-07-20 23:00:00,XRPUSD,103885,0.1944,0.1945,8500
2020-07-21 00:00:00,XRPUSD,44085,0.1947,0.1948,174382
2020-07-21 01:00:00,XRPUSD,130616,0.1954,0.1955,81951
2020-07-21 02:00:00,XRPUSD,42765,0.1958,0.1959,171308
2020-07-21 03:00:00,XRPUSD,102071,0.1961,0.1962,70511
2020-07-21 04:00:00,XRPUSD,91746,0.1964,0.1965,10551
2020-07-21 05:00:00,XRPUSD,79718,0.1961,0.1962,124353
2020-07-21 06:00:00,XRPUSD,209696,0.197,0.1971,23951
2020-07-21 07:00:00,XRPUSD,145721,0.1973,0.1974,160739
2020-07-21 08:00:00,XRPUSD,31007,0.1991,0.1992,30103
2020-07-21 09:00:00,XRPUSD,243654,0.1986,0.1987,109243
2020-07-21 10:00:00,XRPUSD,9147,0.1987,0.1988,92840
2020-07-21 11:00:00,XRPUSD,136456,0.1999,0.2,153995
2020-07-21 12:00:00,XRPUSD,116528,0.1993,0.1994,3656
2020-07-21 13:00:00,XRPUSD,8962,0.2004,0.2005,122402
2020-07-21 14:00:00,XRPUSD,38253,0.1995,0.1996,176842
2020-07-21 15:00:00,XRPUSD,161371,0.1992,0.1993,4920
2020-07-21 16:00:00,XRPUSD,187475,0.1989,0.199,4083
2020-07-21 17:00:00,XRPUSD,54602,0.1994,0.1995,59354
2020-07-21 18:00:00,XRPUSD,21339,0.1981,0.1982,272390
2020-07-21 19:00:00,XRPUSD,100653,0.1987,0.1988,38049
2020-07-21 20:00:00,XRPUSD,106721,0.198,0.1981,10384
2020-07-21 21:00:00,XRPUSD,112257,0.1982,0.1983,18293
2020-07-21 22:00:00,XRPUSD,249757,0.1991,0.1992,12728
2020-07-21 23:00:00,XRPUSD,86720,0.1987,0.1988,82772
2020-07-22 00:00:00,XRPUSD,315147,0.1996,0.1997,19144
2020-07-22 01:00:00,XRPUSD,195051,0.1988,0.1989,80182
2020-07-22 02:00:00,XRPUSD,90675,0.1988,0.1989,36550
2020-07-22 03:00:00,XRPUSD,23880,0.1986,0.1987,128168
2020-07-22 04:00:00,XRPUSD,172108,0.1987,0.1988,180744
2020-07-22 05:00:00,XRPUSD,50170,0.1982,0.1983,122491
2020-07-22 06:00:00,XRPUSD,90506,0.1981,0.1982,41777
2020-07-22 07:00:00,XRPUSD,62697,0.1979,0.198,123203
2020-07-22 08:00:00,XRPUSD,32298,0.1965,0.1966,206786
2020-07-22 09:00:00,XRPUSD,162652,0.197,0.1971,260317
2020-07-22 10:00:00,XRPUSD,141048,0.1975,0.1976,221103
2020-07-22 11:00:00,XRPUSD,155281,0.1985,0.1986,168195
2020-07-22 12:00:00,XRPUSD,609,0.1986,0.1987,211049
2020-07-22 13:00:00,XRPUSD,155460,0.1982,0.1983,278651
2020-07-22 14:00:00,XRPUSD,107132,0.1982,0.1983,31974
2020-07-22 15:00:00,XRPUSD,135981,0.1993,0.1994,32233
2020-07-22 16:00:00,XRPUSD,87440,0.1993,0.1994,19151
2020-07-22 17:00:00,XRPUSD,37273,0.1988,0.1989,587037
2020-07-22 18:00:00,XRPUSD,165673,0.1995,0.1996,82501
2020-07-22 19:00:00,XRPUSD,108396,0.2019,0.202,33125
2020-07-22 20:00:00,XRPUSD,89566,0.2011,0.2013,105927
2020-07-22 21:00:00,XRPUSD,28121,0.2008,0.2009,34084
2020-07-22 22:00:00,XRPUSD,29637,0.2014,0.2015,3500
2020-07-22 23:00:00,XRPUSD,62508,0.2036,0.2037,14837
2020-07-23 00:00:00,XRPUSD,66657,0.2041,0.2042,40189
2020-07-23 01:00:00,XRPUSD,20104,0.2049,0.205,159742
2020-07-23 02:00:00,XRPUSD,21050,0.2049,0.205,67945
2020-07-23 03:00:00,XRPUSD,102858,0.2036,0.2037,161514
2020-07-23 04:00:00,XRPUSD,40711,0.2036,0.2037,51308
2020-07-23 05:00:00,XRPUSD,50659,0.2036,0.2037,132901
2020-07-23 06:00:00,XRPUSD,102785,0.2027,0.2028,33204
2020-07-23 07:00:00,XRPUSD,94995,0.2028,0.2029,89430
2020-07-23 08:00:00,XRPUSD,67596,0.2026,0.2027,17604
2020-07-23 09:00:00,XRPUSD,91716,0.2035,0.2036,99662
2020-07-23 10:00:00,XRPUSD,61985,0.2031,0.2032,90217
2020-07-23 11:00:00,XRPUSD,35365,0.2027,0.2028,123424
2020-07-23 12:00:00,XRPUSD,1177683,0.2029,0.203,58947
2020-07-23 13:00:00,XRPUSD,27279,0.2035,0.2036,72743
2020-07-23 14:00:00,XRPUSD,12556,0.209,0.2091,54125
2020-07-23 15:00:00,XRPUSD,12066,0.2074,0.2075,106830
2020-07-23 16:00:00,XRPUSD,33660,0.2079,0.208,25855
2020-07-23 17:00:00,XRPUSD,970,0.2095,0.2097,107957
2020-07-23 18:00:00,XRPUSD,51659,0.2078,0.2079,22765
2020-07-23 19:00:00,XRPUSD,164874,0.2076,0.2077,1124
2020-07-23 20:00:00,XRPUSD,82972,0.209,0.2092,325581
2020-07-23 21:00:00,XRPUSD,533560,0.2073,0.2074,111618
2020-07-23 22:00:00,XRPUSD,12986,0.2077,0.2078,76177
2020-07-23 23:00:00,XRPUSD,100194,0.2077,0.2078,97143
2020-07-24 00:00:00,XRPUSD,116607,0.2087,0.2088,88725
2020-07-24 01:00:00,XRPUSD,87119,0.2074,0.2075,14015
2020-07-24 02:00:00,XRPUSD,38161,0.2069,0.207,41138
2020-07-24 03:00:00,XRPUSD,91380,0.2076,0.2077,115192
2020-07-24 04:00:00,XRPUSD,124538,0.2074,0.2075,164084
2020-07-24 05:00:00,XRPUSD,39268,0.2066,0.2067,133101
2020-07-24 06:00:00,XRPUSD,30927,0.2062,0.2063,117340
2020-07-24 07:00:00,XRPUSD,9053,0.203,0.2031,23826
2020-07-24 08:00:00,XRPUSD,94763,0.2043,0.2044,27127
2020-07-24 09:00:00,XRPUSD,139044,0.2044,0.2045,16725
2020-07-24 10:00:00,XRPUSD,212196,0.2049,0.205,227622
2020-07-24 11:00:00,XRPUSD,345562,0.205,0.2051,115054
2020-07-24 12:00:00,XRPUSD,181324,0.205,0.2051,58814
2020-07-24 13:00:00,XRPUSD,104631,0.2041,0.2042,71771
2020-07-24 14:00:00,XRPUSD,18800,0.2034,0.2035,397628
2020-07-24 15:00:00,XRPUSD,127282,0.2041,0.2042,1511425
2020-07-24 16:00:00,XRPUSD,93274,0.2044,0.2045,15234
2020-07-24 17:00:00,XRPUSD,51304,0.2051,0.2052,25981
2020-07-24 18:00:00,XRPUSD,199411,0.2049,0.205,2052
2020-07-24 19:00:00,XRPUSD,127782,0.2058,0.2059,125104
2020-07-24 20:00:00,XRPUSD,896124,0.2053,0.2054,17697
2020-07-24 21:00:00,XRPUSD,206118,0.2056,0.2057,108205
2020-07-24 22:00:00,XRPUSD,11583,0.207,0.2071,51250
2020-07-24 23:00:00,XRPUSD,93989,0.2048,0.2049,34294
