"2020-01-11T20:00:00.000Z","XBTUSD","2000-01-01T08:00:00.000Z","0.0001","0.00030000000000000003"
"2020-01-12T04:00:00.000Z","XBTUSD","2000-01-01T08:00:00.000Z","0.0001","0.00030000000000000003"
"2020-01-12T12:00:00.000Z","XBTUSD","2000-01-01T08:00:00.000Z","0.0001","0.00030000000000000003"
"2020-01-12T20:00:00.000Z","XBTUSD","2000-01-01T08:00:00.000Z","0.0001","0.00030000000000000003"
"2020-01-13T04:00:00.000Z","XBTUSD","2000-01-01T08:00:00.000Z","0.0001","0.00030000000000000003"
"2020-01-13T12:00:00.000Z","XBTUSD","2000-01-01T08:00:00.000Z","0.0001","0.00030000000000000003"
"2020-01-13T20:00:00.000Z","XBTUSD","2000-01-01T08:00:00.000Z","0.0001","0.00030000000000000003"
"2020-01-14T04:00:00.000Z","XBTUSD","2000-01-01T08:00:00.000Z","0.0001","0.00030000000000000003"
"2020-01-14T12:00:00.000Z","XBTUSD","2000-01-01T08:00:00.000Z","0.0001","0.00030000000000000003"
"2020-01-14T20:00:00.000Z","XBTUSD","2000-01-01T08:00:00.000Z","0.000283","0.0008489999999999999"
"2020-01-15T04:00:00.000Z","XBTUSD","2000-01-01T08:00:00.000Z","0.0001","0.00030000000000000003"
"2020-01-15T12:00:00.000Z","XBTUSD","2000-01-01T08:00:00.000Z","0.000357","0.001071"
"2020-01-15T20:00:00.000Z","XBTUSD","2000-01-01T08:00:00.000Z","0.000311","0.000933"
"2020-01-16T04:00:00.000Z","XBTUSD","2000-01-01T08:00:00.000Z","0.0001","0.00030000000000000003"
"2020-01-16T12:00:00.000Z","XBTUSD","2000-01-01T08:00:00.000Z","0.0001","0.00030000000000000003"
"2020-01-16T20:00:00.000Z","XBTUSD","2000-01-01T08:00:00.000Z","0.000322","0.0009660000000000001"
"2020-01-17T04:00:00.000Z","XBTUSD","2000-01-01T08:00:00.000Z","0.00028","0.0008399999999999999"
"2020-01-17T12:00:00.000Z","XBTUSD","2000-01-01T08:00:00.000Z","0.000239","0.000717"
"2020-01-17T20:00:00.000Z","XBTUSD","2000-01-01T08:00:00.000Z","0.00051","0.0015300000000000001"
"2020-01-18T04:00:00.000Z","XBTUSD","2000-01-01T08:00:00.000Z","0.0001","0.00030000000000000003"
"2020-01-18T12:00:00.000Z","XBTUSD","2000-01-01T08:00:00.000Z","0.0001","0.00030000000000000003"
"2020-01-18T20:00:00.000Z","XBTUSD","2000-01-01T08:00:00.000Z","0.000319","0.000957"
"2020-01-19T04:00:00.000Z","XBTUSD","2000-01-01T08:00:00.000Z","0.00013","0.00038999999999999994"
"2020-01-19T12:00:00.000Z","XBTUSD","2000-01-01T08:00:00.000Z","0.00012","0.00036"
"2020-01-19T20:00:00.000Z","XBTUSD","2000-01-01T08:00:00.000Z","0.000145","0.000435"
"2020-01-20T04:00:00.000Z","XBTUSD","2000-01-01T08:00:00.000Z","0.0001","0.00030000000000000003"
"2020-01-20T12:00:00.000Z","XBTUSD","2000-01-01T08:00:00.000Z","0.0001","0.00030000000000000003"
"2020-01-20T20:00:00.000Z","XBTUSD","2000-01-01T08:00:00.000Z","0.0001","0.00030000000000000003"
"2020-01-21T04:00:00.000Z","XBTUSD","2000-01-01T08:00:00.000Z","0.0001","0.00030000000000000003"
"2020-01-21T12:00:00.000Z","XBTUSD","2000-01-01T08:00:00.000Z","0.0001","0.00030000000000000003"
"2020-01-21T20:00:00.000Z","XBTUSD","2000-01-01T08:00:00.000Z","0.000215","0.000645"
"2020-01-22T04:00:00.000Z","XBTUSD","2000-01-01T08:00:00.000Z","0.0001","0.00030000000000000003"
"2020-01-22T12:00:00.000Z","XBTUSD","2000-01-01T08:00:00.000Z","0.000322","0.0009660000000000001"
"2020-01-22T20:00:00.000Z","XBTUSD","2000-01-01T08:00:00.000Z","0.0001","0.00030000000000000003"
"2020-01-23T04:00:00.000Z","XBTUSD","2000-01-01T08:00:00.000Z","0.0001","0.00030000000000000003"
"2020-01-23T12:00:00.000Z","XBTUSD","2000-01-01T08:00:00.000Z","0.0001","0.00030000000000000003"
"2020-01-23T20:00:00.000Z","XBTUSD","2000-01-01T08:00:00.000Z","0.0001","0.00030000000000000003"
"2020-01-24T04:00:00.000Z","XBTUSD","2000-01-01T08:00:00.000Z","0.000341","0.001023"
"2020-01-24T12:00:00.000Z","XBTUSD","2000-01-01T08:00:00.000Z","0.0001","0.00030000000000000003"
"2020-01-24T20:00:00.000Z","XBTUSD","2000-01-01T08:00:00.000Z","0.0001","0.00030000000000000003"
"2020-01-25T04:00:00.000Z","XBTUSD","2000-01-01T08:00:00.000Z","0.0001","0.00030000000000000003"
"2020-01-25T12:00:00.000Z","XBTUSD","2000-01-01T08:00:00.000Z","0.0001","0.00030000000000000003"
"2020-01-25T20:00:00.000Z","XBTUSD","2000-01-01T08:00:00.000Z","0.0001","0.00030000000000000003"
"2020-01-26T04:00:00.000Z","XBTUSD","2000-01-01T08:00:00.000Z","0.0001","0.00030000000000000003"
"2020-01-26T12:00:00.000Z","XBTUSD","2000-01-01T08:00:00.000Z","0.0001","0.00030000000000000003"
"2020-01-26T20:00:00.000Z","XBTUSD","2000-01-01T08:00:00.000Z","0.0001","0.00030000000000000003"
"2020-01-27T04:00:00.000Z","XBTUSD","2000-01-01T08:00:00.000Z","0.0001","0.00030000000000000003"
"2020-01-27T12:00:00.000Z","XBTUSD","2000-01-01T08:00:00.000Z","0.0001","0.00030000000000000003"
"2020-01-27T20:00:00.000Z","XBTUSD","2000-01-01T08:00:00.000Z","0.0001","0.00030000000000000003"
"2020-01-28T04:00:00.000Z","XBTUSD","2000-01-01T08:00:00.000Z","0.0001","0.00030000000000000003"
"2020-01-28T12:00:00.000Z","XBTUSD","2000-01-01T08:00:00.000Z","0.00042","0.00126"
"2020-01-28T20:00:00.000Z","XBTUSD","2000-01-01T08:00:00.000Z","0.000614","0.0018419999999999999"
"2020-01-29T04:00:00.000Z","XBTUSD","2000-01-01T08:00:00.000Z","0.000238","0.000714"
"2020-01-29T12:00:00.000Z","XBTUSD","2000-01-01T08:00:00.000Z","0.000597","0.001791"
"2020-01-29T20:00:00.000Z","XBTUSD","2000-01-01T08:00:00.000Z","0.000676","0.002028"
"2020-01-30T04:00:00.000Z","XBTUSD","2000-01-01T08:00:00.000Z","0.000316","0.000948"
"2020-01-30T12:00:00.000Z","XBTUSD","2000-01-01T08:00:00.000Z","0.000438","0.001314"
"2020-01-30T20:00:00.000Z","XBTUSD","2000-01-01T08:00:00.000Z","0.000732","0.002196"
"2020-01-31T04:00:00.000Z","XBTUSD","2000-01-01T08:00:00.000Z","0.000317","0.000951"
"2020-01-31T12:00:00.000Z","XBTUSD","2000-01-01T08:00:00.000Z","0.000216","0.0006479999999999999"
"2020-01-31T20:00:00.000Z","XBTUSD","2000-01-01T08:00:00.000Z","0.000522","0.0015660000000000001"
"2020-02-01T04:00:00.000Z","XBTUSD","2000-01-01T08:00:00.000Z","0.0001","0.00030000000000000003"
"2020-02-01T12:00:00.000Z","XBTUSD","2000-01-01T08:00:00.000Z","0.0001","0.00030000000000000003"
"2020-02-01T20:00:00.000Z","XBTUSD","2000-01-01T08:00:00.000Z","0.000283","0.0008489999999999999"
"2020-02-02T04:00:00.000Z","XBTUSD","2000-01-01T08:00:00.000Z","0.000106","0.00031800000000000003"
"2020-02-02T12:00:00.000Z","XBTUSD","2000-01-01T08:00:00.000Z","0.0001","0.00030000000000000003"
"2020-02-02T20:00:00.000Z","XBTUSD","2000-01-01T08:00:00.000Z","0.000358","0.0010739999999999999"
"2020-02-03T04:00:00.000Z","XBTUSD","2000-01-01T08:00:00.000Z","0.000532","0.0015960000000000002"
"2020-02-03T12:00:00.000Z","XBTUSD","2000-01-01T08:00:00.000Z","0.000123","0.000369"
"2020-02-03T20:00:00.000Z","XBTUSD","2000-01-01T08:00:00.000Z","0.0001","0.00030000000000000003"
"2020-02-04T04:00:00.000Z","XBTUSD","2000-01-01T08:00:00.000Z","0.0001","0.00030000000000000003"
"2020-02-04T12:00:00.000Z","XBTUSD","2000-01-01T08:00:00.000Z","0.0001","0.00030000000000000003"
"2020-02-04T20:00:00.000Z","XBTUSD","2000-01-01T08:00:00.000Z","0.000112","0.000336"
"2020-02-05T04:00:00.000Z","XBTUSD","2000-01-01T08:00:00.000Z","0.0001","0.00030000000000000003"
"2020-02-05T12:00:00.000Z","XBTUSD","2000-01-01T08:00:00.000Z","0.0001","0.00030000000000000003"
"2020-02-05T20:00:00.000Z","XBTUSD","2000-01-01T08:00:00.000Z","0.000493","0.0014789999999999998"
"2020-02-06T04:00:00.000Z","XBTUSD","2000-01-01T08:00:00.000Z","0.000708","0.002124"
"2020-02-06T12:00:00.000Z","XBTUSD","2000-01-01T08:00:00.000Z","0.001201","0.0036030000000000003"
"2020-02-06T20:00:00.000Z","XBTUSD","2000-01-01T08:00:00.000Z","0.000534","0.001602"
"2020-02-07T04:00:00.000Z","XBTUSD","2000-01-01T08:00:00.000Z","0.000298","0.0008939999999999999"
"2020-02-07T12:00:00.000Z","XBTUSD","2000-01-01T08:00:00.000Z","0.000472","0.001416"
"2020-02-07T20:00:00.000Z","XBTUSD","2000-01-01T08:00:00.000Z","0.000778","0.002334"
"2020-02-08T04:00:00.000Z","XBTUSD","2000-01-01T08:00:00.000Z","0.000274","0.000822"
"2020-02-08T12:00:00.000Z","XBTUSD","2000-01-01T08:00:00.000Z","0.000249","0.0007469999999999999"
"2020-02-08T20:00:00.000Z","XBTUSD","2000-01-01T08:00:00.000Z","0.000301","0.0009029999999999999"
"2020-02-09T04:00:00.000Z","XBTUSD","2000-01-01T08:00:00.000Z","0.000556","0.0016679999999999998"
"2020-02-09T12:00:00.000Z","XBTUSD","2000-01-01T08:00:00.000Z","0.000227","0.000681"
"2020-02-09T20:00:00.000Z","XBTUSD","2000-01-01T08:00:00.000Z","0.000584","0.001752"
"2020-02-10T04:00:00.000Z","XBTUSD","2000-01-01T08:00:00.000Z","0.0007","0.0021"
"2020-02-10T12:00:00.000Z","XBTUSD","2000-01-01T08:00:00.000Z","0.000502","0.001506"
"2020-02-10T20:00:00.000Z","XBTUSD","2000-01-01T08:00:00.000Z","0.000696","0.002088"
"2020-02-11T04:00:00.000Z","XBTUSD","2000-01-01T08:00:00.000Z","0.000138","0.000414"
"2020-02-11T12:00:00.000Z","XBTUSD","2000-01-01T08:00:00.000Z","0.000484","0.001452"
"2020-02-11T20:00:00.000Z","XBTUSD","2000-01-01T08:00:00.000Z","0.000425","0.0012749999999999999"
"2020-02-12T04:00:00.000Z","XBTUSD","2000-01-01T08:00:00.000Z","0.000424","0.0012720000000000001"
"2020-02-12T12:00:00.000Z","XBTUSD","2000-01-01T08:00:00.000Z","0.000841","0.002523"
"2020-02-12T20:00:00.000Z","XBTUSD","2000-01-01T08:00:00.000Z","0.001006","0.003018"
"2020-02-13T04:00:00.000Z","XBTUSD","2000-01-01T08:00:00.000Z","0.000466","0.001398"
"2020-02-13T12:00:00.000Z","XBTUSD","2000-01-01T08:00:00.000Z","0.000554","0.001662"
"2020-02-13T20:00:00.000Z","XBTUSD","2000-01-01T08:00:00.000Z","0.000839","0.002517"
"2020-02-14T04:00:00.000Z","XBTUSD","2000-01-01T08:00:00.000Z","0.00031","0.00093"
"2020-02-14T12:00:00.000Z","XBTUSD","2000-01-01T08:00:00.000Z","0.000473","0.0014190000000000001"
"2020-02-14T20:00:00.000Z","XBTUSD","2000-01-01T08:00:00.000Z","0.000848","0.0025440000000000003"
"2020-02-15T04:00:00.000Z","XBTUSD","2000-01-01T08:00:00.000Z","0.000412","0.001236"
"2020-02-15T12:00:00.000Z","XBTUSD","2000-01-01T08:00:00.000Z","0.0001","0.00030000000000000003"
"2020-02-15T20:00:00.000Z","XBTUSD","2000-01-01T08:00:00.000Z","0.0001","0.00030000000000000003"
"2020-02-16T04:00:00.000Z","XBTUSD","2000-01-01T08:00:00.000Z","0.0001","0.00030000000000000003"
"2020-02-16T12:00:00.000Z","XBTUSD","2000-01-01T08:00:00.000Z","0.0001","0.00030000000000000003"
"2020-02-16T20:00:00.000Z","XBTUSD","2000-01-01T08:00:00.000Z","0.0001","0.00030000000000000003"
"2020-02-17T04:00:00.000Z","XBTUSD","2000-01-01T08:00:00.000Z","0.000326","0.0009780000000000001"
"2020-02-17T12:00:00.000Z","XBTUSD","2000-01-01T08:00:00.000Z","0.000261","0.0007830000000000001"
"2020-02-17T20:00:00.000Z","XBTUSD","2000-01-01T08:00:00.000Z","0.000538","0.001614"
"2020-02-18T04:00:00.000Z","XBTUSD","2000-01-01T08:00:00.000Z","0.000412","0.001236"
"2020-02-18T12:00:00.000Z","XBTUSD","2000-01-01T08:00:00.000Z","0.0001","0.00030000000000000003"
"2020-02-18T20:00:00.000Z","XBTUSD","2000-01-01T08:00:00.000Z","0.0001","0.00030000000000000003"
"2020-02-19T04:00:00.000Z","XBTUSD","2000-01-01T08:00:00.000Z","0.000168","0.000504"
"2020-02-19T12:00:00.000Z","XBTUSD","2000-01-01T08:00:00.000Z","0.00056","0.0016799999999999999"
"2020-02-19T20:00:00.000Z","XBTUSD","2000-01-01T08:00:00.000Z","0.000652","0.0019560000000000003"
"2020-02-20T04:00:00.000Z","XBTUSD","2000-01-01T08:00:00.000Z","0.000226","0.000678"
"2020-02-20T12:00:00.000Z","XBTUSD","2000-01-01T08:00:00.000Z","0.0001","0.00030000000000000003"
"2020-02-20T20:00:00.000Z","XBTUSD","2000-01-01T08:00:00.000Z","0.0001","0.00030000000000000003"
"2020-02-21T04:00:00.000Z","XBTUSD","2000-01-01T08:00:00.000Z","0.0001","0.00030000000000000003"
"2020-02-21T12:00:00.000Z","XBTUSD","2000-01-01T08:00:00.000Z","0.0001","0.00030000000000000003"
"2020-02-21T20:00:00.000Z","XBTUSD","2000-01-01T08:00:00.000Z","0.0001","0.00030000000000000003"
"2020-02-22T04:00:00.000Z","XBTUSD","2000-01-01T08:00:00.000Z","0.0001","0.00030000000000000003"
"2020-02-22T12:00:00.000Z","XBTUSD","2000-01-01T08:00:00.000Z","0.0001","0.00030000000000000003"
"2020-02-22T20:00:00.000Z","XBTUSD","2000-01-01T08:00:00.000Z","0.0001","0.00030000000000000003"
"2020-02-23T04:00:00.000Z","XBTUSD","2000-01-01T08:00:00.000Z","0.0001","0.00030000000000000003"
"2020-02-23T12:00:00.000Z","XBTUSD","2000-01-01T08:00:00.000Z","0.0001","0.00030000000000000003"
"2020-02-23T20:00:00.000Z","XBTUSD","2000-01-01T08:00:00.000Z","0.0001","0.00030000000000000003"
"2020-02-24T04:00:00.000Z","XBTUSD","2000-01-01T08:00:00.000Z","0.0001","0.00030000000000000003"
"2020-02-24T12:00:00.000Z","XBTUSD","2000-01-01T08:00:00.000Z","0.0001","0.00030000000000000003"
"2020-02-24T20:00:00.000Z","XBTUSD","2000-01-01T08:00:00.000Z","0.0001","0.00030000000000000003"
"2020-02-25T04:00:00.000Z","XBTUSD","2000-01-01T08:00:00.000Z","0.0001","0.00030000000000000003"
"2020-02-25T12:00:00.000Z","XBTUSD","2000-01-01T08:00:00.000Z","0.0001","0.00030000000000000003"
"2020-02-25T20:00:00.000Z","XBTUSD","2000-01-01T08:00:00.000Z","0.000171","0.000513"
"2020-02-26T04:00:00.000Z","XBTUSD","2000-01-01T08:00:00.000Z","0.000404","0.001212"
"2020-02-26T12:00:00.000Z","XBTUSD","2000-01-01T08:00:00.000Z","0.000362","0.0010860000000000002"
"2020-02-26T20:00:00.000Z","XBTUSD","2000-01-01T08:00:00.000Z","0.000744","0.002232"
"2020-02-27T04:00:00.000Z","XBTUSD","2000-01-01T08:00:00.000Z","0.00012","0.00036"
"2020-02-27T12:00:00.000Z","XBTUSD","2000-01-01T08:00:00.000Z","0.0001","0.00030000000000000003"
"2020-02-27T20:00:00.000Z","XBTUSD","2000-01-01T08:00:00.000Z","0.0001","0.00030000000000000003"
"2020-02-28T04:00:00.000Z","XBTUSD","2000-01-01T08:00:00.000Z","0.0001","0.00030000000000000003"
"2020-02-28T12:00:00.000Z","XBTUSD","2000-01-01T08:00:00.000Z","0.0001","0.00030000000000000003"
"2020-02-28T20:00:00.000Z","XBTUSD","2000-01-01T08:00:00.000Z","0.0001","0.00030000000000000003"
"2020-02-29T04:00:00.000Z","XBTUSD","2000-01-01T08:00:00.000Z","0.0001","0.00030000000000000003"
"2020-02-29T12:00:00.000Z","XBTUSD","2000-01-01T08:00:00.000Z","0.000202","0.000606"
"2020-02-29T20:00:00.000Z","XBTUSD","2000-01-01T08:00:00.000Z","0.000136","0.000408"
"2020-03-01T04:00:00.000Z","XBTUSD","2000-01-01T08:00:00.000Z","0.0001","0.00030000000000000003"
"2020-03-01T12:00:00.000Z","XBTUSD","2000-01-01T08:00:00.000Z","0.0001","0.00030000000000000003"
"2020-03-01T20:00:00.000Z","XBTUSD","2000-01-01T08:00:00.000Z","0.0001","0.00030000000000000003"
"2020-03-02T04:00:00.000Z","XBTUSD","2000-01-01T08:00:00.000Z","0.0001","0.00030000000000000003"
"2020-03-02T12:00:00.000Z","XBTUSD","2000-01-01T08:00:00.000Z","0.000409","0.001227"
"2020-03-02T20:00:00.000Z","XBTUSD","2000-01-01T08:00:00.000Z","0.0001","0.00030000000000000003"
"2020-03-03T04:00:00.000Z","XBTUSD","2000-01-01T08:00:00.000Z","0.0001","0.00030000000000000003"
"2020-03-03T12:00:00.000Z","XBTUSD","2000-01-01T08:00:00.000Z","0.0001","0.00030000000000000003"
"2020-03-03T20:00:00.000Z","XBTUSD","2000-01-01T08:00:00.000Z","0.0001","0.00030000000000000003"
"2020-03-04T04:00:00.000Z","XBTUSD","2000-01-01T08:00:00.000Z","0.0001","0.00030000000000000003"
"2020-03-04T12:00:00.000Z","XBTUSD","2000-01-01T08:00:00.000Z","0.0001","0.00030000000000000003"
"2020-03-04T20:00:00.000Z","XBTUSD","2000-01-01T08:00:00.000Z","0.0001","0.00030000000000000003"
"2020-03-05T04:00:00.000Z","XBTUSD","2000-01-01T08:00:00.000Z","0.0001","0.00030000000000000003"
"2020-03-05T12:00:00.000Z","XBTUSD","2000-01-01T08:00:00.000Z","0.0001","0.00030000000000000003"
"2020-03-05T20:00:00.000Z","XBTUSD","2000-01-01T08:00:00.000Z","0.0001","0.00030000000000000003"
"2020-03-06T04:00:00.000Z","XBTUSD","2000-01-01T08:00:00.000Z","0.0001","0.00030000000000000003"
"2020-03-06T12:00:00.000Z","XBTUSD","2000-01-01T08:00:00.000Z","0.0001","0.00030000000000000003"
"2020-03-06T20:00:00.000Z","XBTUSD","2000-01-01T08:00:00.000Z","0.0001","0.00030000000000000003"
"2020-03-07T04:00:00.000Z","XBTUSD","2000-01-01T08:00:00.000Z","0.0001","0.00030000000000000003"
"2020-03-07T12:00:00.000Z","XBTUSD","2000-01-01T08:00:00.000Z","0.0001","0.00030000000000000003"
"2020-03-07T20:00:00.000Z","XBTUSD","2000-01-01T08:00:00.000Z","0.0001","0.00030000000000000003"
"2020-03-08T04:00:00.000Z","XBTUSD","2000-01-01T08:00:00.000Z","0.0001","0.00030000000000000003"
"2020-03-08T12:00:00.000Z","XBTUSD","2000-01-01T08:00:00.000Z","0.0001","0.00030000000000000003"
"2020-03-08T20:00:00.000Z","XBTUSD","2000-01-01T08:00:00.000Z","0.0001","0.00030000000000000003"
"2020-03-09T04:00:00.000Z","XBTUSD","2000-01-01T08:00:00.000Z","0.0001","0.00030000000000000003"
"2020-03-09T12:00:00.000Z","XBTUSD","2000-01-01T08:00:00.000Z","0.0001","0.00030000000000000003"
"2020-03-09T20:00:00.000Z","XBTUSD","2000-01-01T08:00:00.000Z","0.0001","0.00030000000000000003"
"2020-03-10T04:00:00.000Z","XBTUSD","2000-01-01T08:00:00.000Z","0.0001","0.00030000000000000003"
"2020-03-10T12:00:00.000Z","XBTUSD","2000-01-01T08:00:00.000Z","0.0001","0.00030000000000000003"
"2020-03-10T20:00:00.000Z","XBTUSD","2000-01-01T08:00:00.000Z","-0.000044","-0.000132"
"2020-03-11T04:00:00.000Z","XBTUSD","2000-01-01T08:00:00.000Z","0.0001","0.00030000000000000003"
"2020-03-11T12:00:00.000Z","XBTUSD","2000-01-01T08:00:00.000Z","0.000053","0.00015900000000000002"
"2020-03-11T20:00:00.000Z","XBTUSD","2000-01-01T08:00:00.000Z","0.0001","0.00030000000000000003"
"2020-03-12T04:00:00.000Z","XBTUSD","2000-01-01T08:00:00.000Z","0.0001","0.00030000000000000003"
"2020-03-12T12:00:00.000Z","XBTUSD","2000-01-01T08:00:00.000Z","0.0001","0.00030000000000000003"
"2020-03-12T20:00:00.000Z","XBTUSD","2000-01-01T08:00:00.000Z","-0.001691","-0.005073"
"2020-03-13T04:00:00.000Z","XBTUSD","2000-01-01T08:00:00.000Z","-0.00375","-0.01125"
"2020-03-13T12:00:00.000Z","XBTUSD","2000-01-01T08:00:00.000Z","-0.00375","-0.01125"
"2020-03-13T20:00:00.000Z","XBTUSD","2000-01-01T08:00:00.000Z","-0.00375","-0.01125"
"2020-03-14T04:00:00.000Z","XBTUSD","2000-01-01T08:00:00.000Z","-0.00375","-0.01125"
"2020-03-14T12:00:00.000Z","XBTUSD","2000-01-01T08:00:00.000Z","-0.00375","-0.01125"
"2020-03-14T20:00:00.000Z","XBTUSD","2000-01-01T08:00:00.000Z","-0.00375","-0.01125"
"2020-03-15T04:00:00.000Z","XBTUSD","2000-01-01T08:00:00.000Z","-0.0015","-0.0045000000000000005"
"2020-03-15T12:00:00.000Z","XBTUSD","2000-01-01T08:00:00.000Z","-0.001371","-0.004113"
"2020-03-15T20:00:00.000Z","XBTUSD","2000-01-01T08:00:00.000Z","-0.000967","-0.002901"
"2020-03-16T04:00:00.000Z","XBTUSD","2000-01-01T08:00:00.000Z","-0.000055","-0.000165"
"2020-03-16T12:00:00.000Z","XBTUSD","2000-01-01T08:00:00.000Z","-0.000648","-0.001944"
"2020-03-16T20:00:00.000Z","XBTUSD","2000-01-01T08:00:00.000Z","-0.002249","-0.006747"
"2020-03-17T04:00:00.000Z","XBTUSD","2000-01-01T08:00:00.000Z","-0.002209","-0.006627"
"2020-03-17T12:00:00.000Z","XBTUSD","2000-01-01T08:00:00.000Z","-0.001476","-0.0044280000000000005"
"2020-03-17T20:00:00.000Z","XBTUSD","2000-01-01T08:00:00.000Z","-0.000754","-0.002262"
"2020-03-18T04:00:00.000Z","XBTUSD","2000-01-01T08:00:00.000Z","-0.000758","-0.002274"
"2020-03-18T12:00:00.000Z","XBTUSD","2000-01-01T08:00:00.000Z","-0.000719","-0.002157"
"2020-03-18T20:00:00.000Z","XBTUSD","2000-01-01T08:00:00.000Z","-0.000714","-0.002142"
"2020-03-19T04:00:00.000Z","XBTUSD","2000-01-01T08:00:00.000Z","-0.000499","-0.001497"
"2020-03-19T12:00:00.000Z","XBTUSD","2000-01-01T08:00:00.000Z","-0.000214","-0.000642"
"2020-03-19T20:00:00.000Z","XBTUSD","2000-01-01T08:00:00.000Z","-0.000468","-0.0014039999999999999"
"2020-03-20T04:00:00.000Z","XBTUSD","2000-01-01T08:00:00.000Z","-0.000702","-0.0021060000000000002"
"2020-03-20T12:00:00.000Z","XBTUSD","2000-01-01T08:00:00.000Z","-0.000184","-0.000552"
"2020-03-20T20:00:00.000Z","XBTUSD","2000-01-01T08:00:00.000Z","-0.000422","-0.001266"
"2020-03-21T04:00:00.000Z","XBTUSD","2000-01-01T08:00:00.000Z","-0.000091","-0.000273"
"2020-03-21T12:00:00.000Z","XBTUSD","2000-01-01T08:00:00.000Z","-0.000055","-0.000165"
"2020-03-21T20:00:00.000Z","XBTUSD","2000-01-01T08:00:00.000Z","-0.00046","-0.0013800000000000002"
"2020-03-22T04:00:00.000Z","XBTUSD","2000-01-01T08:00:00.000Z","-0.000409","-0.001227"
"2020-03-22T12:00:00.000Z","XBTUSD","2000-01-01T08:00:00.000Z","-0.000513","-0.001539"
"2020-03-22T20:00:00.000Z","XBTUSD","2000-01-01T08:00:00.000Z","-0.000253","-0.0007590000000000001"
"2020-03-23T04:00:00.000Z","XBTUSD","2000-01-01T08:00:00.000Z","-0.00092","-0.0027600000000000003"
"2020-03-23T12:00:00.000Z","XBTUSD","2000-01-01T08:00:00.000Z","-0.000302","-0.0009060000000000001"
"2020-03-23T20:00:00.000Z","XBTUSD","2000-01-01T08:00:00.000Z","-0.000406","-0.001218"
"2020-03-24T04:00:00.000Z","XBTUSD","2000-01-01T08:00:00.000Z","-0.00001","-0.000030000000000000004"
"2020-03-24T12:00:00.000Z","XBTUSD","2000-01-01T08:00:00.000Z","-0.000096","-0.000288"
"2020-03-24T20:00:00.000Z","XBTUSD","2000-01-01T08:00:00.000Z","-0.000002","-0.000006"
"2020-03-25T04:00:00.000Z","XBTUSD","2000-01-01T08:00:00.000Z","-0.000412","-0.001236"
"2020-03-25T12:00:00.000Z","XBTUSD","2000-01-01T08:00:00.000Z","-0.000205","-0.000615"
"2020-03-25T20:00:00.000Z","XBTUSD","2000-01-01T08:00:00.000Z","-0.000225","-0.000675"
"2020-03-26T04:00:00.000Z","XBTUSD","2000-01-01T08:00:00.000Z","-0.000546","-0.0016380000000000001"
"2020-03-26T12:00:00.000Z","XBTUSD","2000-01-01T08:00:00.000Z","-0.000081","-0.000243"
"2020-03-26T20:00:00.000Z","XBTUSD","2000-01-01T08:00:00.000Z","0.000084","0.000252"
"2020-03-27T04:00:00.000Z","XBTUSD","2000-01-01T08:00:00.000Z","-0.000385","-0.001155"
"2020-03-27T12:00:00.000Z","XBTUSD","2000-01-01T08:00:00.000Z","0.0001","0.00030000000000000003"
"2020-03-27T20:00:00.000Z","XBTUSD","2000-01-01T08:00:00.000Z","-0.000616","-0.001848"
"2020-03-28T04:00:00.000Z","XBTUSD","2000-01-01T08:00:00.000Z","-0.000095","-0.000285"
"2020-03-28T12:00:00.000Z","XBTUSD","2000-01-01T08:00:00.000Z","-0.000363","-0.001089"
"2020-03-28T20:00:00.000Z","XBTUSD","2000-01-01T08:00:00.000Z","-0.001005","-0.0030150000000000003"
"2020-03-29T04:00:00.000Z","XBTUSD","2000-01-01T08:00:00.000Z","-0.00039","-0.00117"
"2020-03-29T12:00:00.000Z","XBTUSD","2000-01-01T08:00:00.000Z","-0.000055","-0.000165"
"2020-03-29T20:00:00.000Z","XBTUSD","2000-01-01T08:00:00.000Z","-0.000339","-0.0010170000000000001"
"2020-03-30T04:00:00.000Z","XBTUSD","2000-01-01T08:00:00.000Z","-0.000375","-0.0011250000000000001"
"2020-03-30T12:00:00.000Z","XBTUSD","2000-01-01T08:00:00.000Z","-0.000548","-0.001644"
"2020-03-30T20:00:00.000Z","XBTUSD","2000-01-01T08:00:00.000Z","-0.000346","-0.001038"
"2020-03-31T04:00:00.000Z","XBTUSD","2000-01-01T08:00:00.000Z","0.00003","0.00009"
"2020-03-31T12:00:00.000Z","XBTUSD","2000-01-01T08:00:00.000Z","0.0001","0.00030000000000000003"
"2020-03-31T20:00:00.000Z","XBTUSD","2000-01-01T08:00:00.000Z","-0.0002","-0.0006000000000000001"
"2020-04-01T04:00:00.000Z","XBTUSD","2000-01-01T08:00:00.000Z","-0.000368","-0.001104"
"2020-04-01T12:00:00.000Z","XBTUSD","2000-01-01T08:00:00.000Z","-0.000247","-0.0007409999999999999"
"2020-04-01T20:00:00.000Z","XBTUSD","2000-01-01T08:00:00.000Z","-0.000589","-0.001767"
"2020-04-02T04:00:00.000Z","XBTUSD","2000-01-01T08:00:00.000Z","-0.000532","-0.0015960000000000002"
"2020-04-02T12:00:00.000Z","XBTUSD","2000-01-01T08:00:00.000Z","0.0001","0.00030000000000000003"
"2020-04-02T20:00:00.000Z","XBTUSD","2000-01-01T08:00:00.000Z","0.0001","0.00030000000000000003"
"2020-04-03T04:00:00.000Z","XBTUSD","2000-01-01T08:00:00.000Z","0.0001","0.00030000000000000003"
"2020-04-03T12:00:00.000Z","XBTUSD","2000-01-01T08:00:00.000Z","-0.000324","-0.000972"
"2020-04-03T20:00:00.000Z","XBTUSD","2000-01-01T08:00:00.000Z","-0.000272","-0.000816"
"2020-04-04T04:00:00.000Z","XBTUSD","2000-01-01T08:00:00.000Z","-0.000433","-0.001299"
"2020-04-04T12:00:00.000Z","XBTUSD","2000-01-01T08:00:00.000Z","-0.000448","-0.001344"
"2020-04-04T20:00:00.000Z","XBTUSD","2000-01-01T08:00:00.000Z","-0.000121","-0.000363"
"2020-04-05T04:00:00.000Z","XBTUSD","2000-01-01T08:00:00.000Z","-0.000151","-0.00045300000000000006"
"2020-04-05T12:00:00.000Z","XBTUSD","2000-01-01T08:00:00.000Z","0.0001","0.00030000000000000003"
"2020-04-05T20:00:00.000Z","XBTUSD","2000-01-01T08:00:00.000Z","0.0001","0.00030000000000000003"
"2020-04-06T04:00:00.000Z","XBTUSD","2000-01-01T08:00:00.000Z","0.000007","0.000021"
"2020-04-06T12:00:00.000Z","XBTUSD","2000-01-01T08:00:00.000Z","0.0001","0.00030000000000000003"
"2020-04-06T20:00:00.000Z","XBTUSD","2000-01-01T08:00:00.000Z","0.0001","0.00030000000000000003"
"2020-04-07T04:00:00.000Z","XBTUSD","2000-01-01T08:00:00.000Z","0.0001","0.00030000000000000003"
"2020-04-07T12:00:00.000Z","XBTUSD","2000-01-01T08:00:00.000Z","0.0001","0.00030000000000000003"
"2020-04-07T20:00:00.000Z","XBTUSD","2000-01-01T08:00:00.000Z","-0.000058","-0.000174"
"2020-04-08T04:00:00.000Z","XBTUSD","2000-01-01T08:00:00.000Z","-0.000152","-0.000456"
"2020-04-08T12:00:00.000Z","XBTUSD","2000-01-01T08:00:00.000Z","0.000038","0.000114"
"2020-04-08T20:00:00.000Z","XBTUSD","2000-01-01T08:00:00.000Z","0.0001","0.00030000000000000003"
"2020-04-09T04:00:00.000Z","XBTUSD","2000-01-01T08:00:00.000Z","-0.000017","-0.000051"
"2020-04-09T12:00:00.000Z","XBTUSD","2000-01-01T08:00:00.000Z","-0.000275","-0.000825"
"2020-04-09T20:00:00.000Z","XBTUSD","2000-01-01T08:00:00.000Z","-0.000106","-0.00031800000000000003"
"2020-04-10T04:00:00.000Z","XBTUSD","2000-01-01T08:00:00.000Z","-0.000264","-0.0007920000000000001"
"2020-04-10T12:00:00.000Z","XBTUSD","2000-01-01T08:00:00.000Z","-0.000157","-0.00047099999999999996"
"2020-04-10T20:00:00.000Z","XBTUSD","2000-01-01T08:00:00.000Z","-0.000742","-0.002226"
"2020-04-11T04:00:00.000Z","XBTUSD","2000-01-01T08:00:00.000Z","-0.000754","-0.002262"
"2020-04-11T12:00:00.000Z","XBTUSD","2000-01-01T08:00:00.000Z","-0.000252","-0.0007559999999999999"
"2020-04-11T20:00:00.000Z","XBTUSD","2000-01-01T08:00:00.000Z","-0.000063","-0.00018899999999999999"
"2020-04-12T04:00:00.000Z","XBTUSD","2000-01-01T08:00:00.000Z","-0.000302","-0.0009060000000000001"
"2020-04-12T12:00:00.000Z","XBTUSD","2000-01-01T08:00:00.000Z","-0.000123","-0.000369"
"2020-04-12T20:00:00.000Z","XBTUSD","2000-01-01T08:00:00.000Z","-0.000237","-0.0007109999999999999"
"2020-04-13T04:00:00.000Z","XBTUSD","2000-01-01T08:00:00.000Z","-0.000112","-0.000336"
"2020-04-13T12:00:00.000Z","XBTUSD","2000-01-01T08:00:00.000Z","-0.000716","-0.0021479999999999997"
"2020-04-13T20:00:00.000Z","XBTUSD","2000-01-01T08:00:00.000Z","-0.000832","-0.002496"
"2020-04-14T04:00:00.000Z","XBTUSD","2000-01-01T08:00:00.000Z","-0.000369","-0.0011070000000000001"
"2020-04-14T12:00:00.000Z","XBTUSD","2000-01-01T08:00:00.000Z","-0.00009","-0.00027"
"2020-04-14T20:00:00.000Z","XBTUSD","2000-01-01T08:00:00.000Z","0.000003","0.000009"
"2020-04-15T04:00:00.000Z","XBTUSD","2000-01-01T08:00:00.000Z","-0.000204","-0.000612"
"2020-04-15T12:00:00.000Z","XBTUSD","2000-01-01T08:00:00.000Z","-0.000296","-0.0008879999999999999"
"2020-04-15T20:00:00.000Z","XBTUSD","2000-01-01T08:00:00.000Z","-0.000207","-0.000621"
"2020-04-16T04:00:00.000Z","XBTUSD","2000-01-01T08:00:00.000Z","-0.000355","-0.001065"
"2020-04-16T12:00:00.000Z","XBTUSD","2000-01-01T08:00:00.000Z","-0.000564","-0.0016920000000000001"
"2020-04-16T20:00:00.000Z","XBTUSD","2000-01-01T08:00:00.000Z","0.0001","0.00030000000000000003"
"2020-04-17T04:00:00.000Z","XBTUSD","2000-01-01T08:00:00.000Z","0.0001","0.00030000000000000003"
"2020-04-17T12:00:00.000Z","XBTUSD","2000-01-01T08:00:00.000Z","0.0001","0.00030000000000000003"
"2020-04-17T20:00:00.000Z","XBTUSD","2000-01-01T08:00:00.000Z","0.000083","0.000249"
"2020-04-18T04:00:00.000Z","XBTUSD","2000-01-01T08:00:00.000Z","-0.000109","-0.00032700000000000003"
"2020-04-18T12:00:00.000Z","XBTUSD","2000-01-01T08:00:00.000Z","-0.000101","-0.000303"
"2020-04-18T20:00:00.000Z","XBTUSD","2000-01-01T08:00:00.000Z","0.0001","0.00030000000000000003"
"2020-04-19T04:00:00.000Z","XBTUSD","2000-01-01T08:00:00.000Z","0.0001","0.00030000000000000003"
"2020-04-19T12:00:00.000Z","XBTUSD","2000-01-01T08:00:00.000Z","-0.000018","-0.000054"
"2020-04-19T20:00:00.000Z","XBTUSD","2000-01-01T08:00:00.000Z","-0.000136","-0.000408"
"2020-04-20T04:00:00.000Z","XBTUSD","2000-01-01T08:00:00.000Z","-0.00003","-0.00009"
"2020-04-20T12:00:00.000Z","XBTUSD","2000-01-01T08:00:00.000Z","0.0001","0.00030000000000000003"
"2020-04-20T20:00:00.000Z","XBTUSD","2000-01-01T08:00:00.000Z","0.0001","0.00030000000000000003"
"2020-04-21T04:00:00.000Z","XBTUSD","2000-01-01T08:00:00.000Z","-0.000486","-0.001458"
"2020-04-21T12:00:00.000Z","XBTUSD","2000-01-01T08:00:00.000Z","-0.000661","-0.001983"
"2020-04-21T20:00:00.000Z","XBTUSD","2000-01-01T08:00:00.000Z","-0.000304","-0.000912"
"2020-04-22T04:00:00.000Z","XBTUSD","2000-01-01T08:00:00.000Z","-0.000231","-0.000693"
"2020-04-22T12:00:00.000Z","XBTUSD","2000-01-01T08:00:00.000Z","-0.00025","-0.00075"
"2020-04-22T20:00:00.000Z","XBTUSD","2000-01-01T08:00:00.000Z","-0.000056","-0.000168"
"2020-04-23T04:00:00.000Z","XBTUSD","2000-01-01T08:00:00.000Z","0.0001","0.00030000000000000003"
"2020-04-23T12:00:00.000Z","XBTUSD","2000-01-01T08:00:00.000Z","0.000024","0.000072"
"2020-04-23T20:00:00.000Z","XBTUSD","2000-01-01T08:00:00.000Z","-0.00004","-0.00012000000000000002"
"2020-04-24T04:00:00.000Z","XBTUSD","2000-01-01T08:00:00.000Z","0.0001","0.00030000000000000003"
"2020-04-24T12:00:00.000Z","XBTUSD","2000-01-01T08:00:00.000Z","0.0001","0.00030000000000000003"
"2020-04-24T20:00:00.000Z","XBTUSD","2000-01-01T08:00:00.000Z","0.0001","0.00030000000000000003"
"2020-04-25T04:00:00.000Z","XBTUSD","2000-01-01T08:00:00.000Z","0.0001","0.00030000000000000003"
"2020-04-25T12:00:00.000Z","XBTUSD","2000-01-01T08:00:00.000Z","0.000071","0.00021300000000000003"
"2020-04-25T20:00:00.000Z","XBTUSD","2000-01-01T08:00:00.000Z","0.0001","0.00030000000000000003"
"2020-04-26T04:00:00.000Z","XBTUSD","2000-01-01T08:00:00.000Z","-0.000151","-0.00045300000000000006"
"2020-04-26T12:00:00.000Z","XBTUSD","2000-01-01T08:00:00.000Z","-0.00008","-0.00024000000000000003"
"2020-04-26T20:00:00.000Z","XBTUSD","2000-01-01T08:00:00.000Z","0.000032","0.000096"
"2020-04-27T04:00:00.000Z","XBTUSD","2000-01-01T08:00:00.000Z","-0.000122","-0.000366"
"2020-04-27T12:00:00.000Z","XBTUSD","2000-01-01T08:00:00.000Z","0.000076","0.000228"
"2020-04-27T20:00:00.000Z","XBTUSD","2000-01-01T08:00:00.000Z","-0.00007","-0.00020999999999999998"
"2020-04-28T04:00:00.000Z","XBTUSD","2000-01-01T08:00:00.000Z","-0.000165","-0.000495"
"2020-04-28T12:00:00.000Z","XBTUSD","2000-01-01T08:00:00.000Z","0.0001","0.00030000000000000003"
"2020-04-28T20:00:00.000Z","XBTUSD","2000-01-01T08:00:00.000Z","0.0001","0.00030000000000000003"
"2020-04-29T04:00:00.000Z","XBTUSD","2000-01-01T08:00:00.000Z","-0.000223","-0.000669"
"2020-04-29T12:00:00.000Z","XBTUSD","2000-01-01T08:00:00.000Z","0.000011","0.000033"
"2020-04-29T20:00:00.000Z","XBTUSD","2000-01-01T08:00:00.000Z","0.0001","0.00030000000000000003"
"2020-04-30T04:00:00.000Z","XBTUSD","2000-01-01T08:00:00.000Z","0.0001","0.00030000000000000003"
"2020-04-30T12:00:00.000Z","XBTUSD","2000-01-01T08:00:00.000Z","0.0001","0.00030000000000000003"
"2020-04-30T20:00:00.000Z","XBTUSD","2000-01-01T08:00:00.000Z","0.0001","0.00030000000000000003"
"2020-05-01T04:00:00.000Z","XBTUSD","2000-01-01T08:00:00.000Z","0.0001","0.00030000000000000003"
"2020-05-01T12:00:00.000Z","XBTUSD","2000-01-01T08:00:00.000Z","0.0001","0.00030000000000000003"
"2020-05-01T20:00:00.000Z","XBTUSD","2000-01-01T08:00:00.000Z","0.0001","0.00030000000000000003"
"2020-05-02T04:00:00.000Z","XBTUSD","2000-01-01T08:00:00.000Z","0.0001","0.00030000000000000003"
"2020-05-02T12:00:00.000Z","XBTUSD","2000-01-01T08:00:00.000Z","0.0001","0.00030000000000000003"
"2020-05-02T20:00:00.000Z","XBTUSD","2000-01-01T08:00:00.000Z","0.0001","0.00030000000000000003"
"2020-05-03T04:00:00.000Z","XBTUSD","2000-01-01T08:00:00.000Z","0.0001","0.00030000000000000003"
"2020-05-03T12:00:00.000Z","XBTUSD","2000-01-01T08:00:00.000Z","0.0001","0.00030000000000000003"
"2020-05-03T20:00:00.000Z","XBTUSD","2000-01-01T08:00:00.000Z","0.0001","0.00030000000000000003"
"2020-05-04T04:00:00.000Z","XBTUSD","2000-01-01T08:00:00.000Z","-0.000051","-0.000153"
"2020-05-04T12:00:00.000Z","XBTUSD","2000-01-01T08:00:00.000Z","0.000055","0.000165"
"2020-05-04T20:00:00.000Z","XBTUSD","2000-01-01T08:00:00.000Z","-0.000041","-0.000123"
"2020-05-05T04:00:00.000Z","XBTUSD","2000-01-01T08:00:00.000Z","0.0001","0.00030000000000000003"
"2020-05-05T12:00:00.000Z","XBTUSD","2000-01-01T08:00:00.000Z","0.0001","0.00030000000000000003"
"2020-05-05T20:00:00.000Z","XBTUSD","2000-01-01T08:00:00.000Z","0.0001","0.00030000000000000003"
"2020-05-06T04:00:00.000Z","XBTUSD","2000-01-01T08:00:00.000Z","0.000039","0.000117"
"2020-05-06T12:00:00.000Z","XBTUSD","2000-01-01T08:00:00.000Z","0.0001","0.00030000000000000003"
"2020-05-06T20:00:00.000Z","XBTUSD","2000-01-01T08:00:00.000Z","0.0001","0.00030000000000000003"
"2020-05-07T04:00:00.000Z","XBTUSD","2000-01-01T08:00:00.000Z","0.0001","0.00030000000000000003"
"2020-05-07T12:00:00.000Z","XBTUSD","2000-01-01T08:00:00.000Z","0.0001","0.00030000000000000003"
"2020-05-07T20:00:00.000Z","XBTUSD","2000-01-01T08:00:00.000Z","0.0001","0.00030000000000000003"
"2020-05-08T04:00:00.000Z","XBTUSD","2000-01-01T08:00:00.000Z","0.0001","0.00030000000000000003"
"2020-05-08T12:00:00.000Z","XBTUSD","2000-01-01T08:00:00.000Z","0.0001","0.00030000000000000003"
"2020-05-08T20:00:00.000Z","XBTUSD","2000-01-01T08:00:00.000Z","0.0001","0.00030000000000000003"
"2020-05-09T04:00:00.000Z","XBTUSD","2000-01-01T08:00:00.000Z","0.0001","0.00030000000000000003"
"2020-05-09T12:00:00.000Z","XBTUSD","2000-01-01T08:00:00.000Z","0.0001","0.00030000000000000003"
"2020-05-09T20:00:00.000Z","XBTUSD","2000-01-01T08:00:00.000Z","0.0001","0.00030000000000000003"
"2020-05-10T04:00:00.000Z","XBTUSD","2000-01-01T08:00:00.000Z","-0.000074","-0.00022199999999999998"
"2020-05-10T12:00:00.000Z","XBTUSD","2000-01-01T08:00:00.000Z","-0.000362","-0.0010860000000000002"
"2020-05-10T20:00:00.000Z","XBTUSD","2000-01-01T08:00:00.000Z","-0.000247","-0.0007409999999999999"
"2020-05-11T04:00:00.000Z","XBTUSD","2000-01-01T08:00:00.000Z","0.000074","0.00022199999999999998"
"2020-05-11T12:00:00.000Z","XBTUSD","2000-01-01T08:00:00.000Z","0.0001","0.00030000000000000003"
"2020-05-11T20:00:00.000Z","XBTUSD","2000-01-01T08:00:00.000Z","0.0001","0.00030000000000000003"
"2020-05-12T04:00:00.000Z","XBTUSD","2000-01-01T08:00:00.000Z","-0.000495","-0.001485"
"2020-05-12T12:00:00.000Z","XBTUSD","2000-01-01T08:00:00.000Z","-0.000051","-0.000153"
"2020-05-12T20:00:00.000Z","XBTUSD","2000-01-01T08:00:00.000Z","0.0001","0.00030000000000000003"
"2020-05-13T04:00:00.000Z","XBTUSD","2000-01-01T08:00:00.000Z","-0.000068","-0.000204"
"2020-05-13T12:00:00.000Z","XBTUSD","2000-01-01T08:00:00.000Z","0.0001","0.00030000000000000003"
"2020-05-13T20:00:00.000Z","XBTUSD","2000-01-01T08:00:00.000Z","0.0001","0.00030000000000000003"
"2020-05-14T04:00:00.000Z","XBTUSD","2000-01-01T08:00:00.000Z","0.000085","0.000255"
"2020-05-14T12:00:00.000Z","XBTUSD","2000-01-01T08:00:00.000Z","0.0001","0.00030000000000000003"
"2020-05-14T20:00:00.000Z","XBTUSD","2000-01-01T08:00:00.000Z","0.0001","0.00030000000000000003"
"2020-05-15T04:00:00.000Z","XBTUSD","2000-01-01T08:00:00.000Z","0.0001","0.00030000000000000003"
"2020-05-15T12:00:00.000Z","XBTUSD","2000-01-01T08:00:00.000Z","0.0001","0.00030000000000000003"
"2020-05-15T20:00:00.000Z","XBTUSD","2000-01-01T08:00:00.000Z","0.0001","0.00030000000000000003"
"2020-05-16T04:00:00.000Z","XBTUSD","2000-01-01T08:00:00.000Z","0.0001","0.00030000000000000003"
"2020-05-16T12:00:00.000Z","XBTUSD","2000-01-01T08:00:00.000Z","0.0001","0.00030000000000000003"
"2020-05-16T20:00:00.000Z","XBTUSD","2000-01-01T08:00:00.000Z","0.0001","0.00030000000000000003"
"2020-05-17T04:00:00.000Z","XBTUSD","2000-01-01T08:00:00.000Z","0.0001","0.00030000000000000003"
"2020-05-17T12:00:00.000Z","XBTUSD","2000-01-01T08:00:00.000Z","0.0001","0.00030000000000000003"
"2020-05-17T20:00:00.000Z","XBTUSD","2000-01-01T08:00:00.000Z","0.0001","0.00030000000000000003"
"2020-05-18T04:00:00.000Z","XBTUSD","2000-01-01T08:00:00.000Z","0.000305","0.000915"
"2020-05-18T12:00:00.000Z","XBTUSD","2000-01-01T08:00:00.000Z","0.0001","0.00030000000000000003"
"2020-05-18T20:00:00.000Z","XBTUSD","2000-01-01T08:00:00.000Z","0.0001","0.00030000000000000003"
"2020-05-19T04:00:00.000Z","XBTUSD","2000-01-01T08:00:00.000Z","0.0001","0.00030000000000000003"
"2020-05-19T12:00:00.000Z","XBTUSD","2000-01-01T08:00:00.000Z","0.0001","0.00030000000000000003"
"2020-05-19T20:00:00.000Z","XBTUSD","2000-01-01T08:00:00.000Z","0.0001","0.00030000000000000003"
"2020-05-20T04:00:00.000Z","XBTUSD","2000-01-01T08:00:00.000Z","0.0001","0.00030000000000000003"
"2020-05-20T12:00:00.000Z","XBTUSD","2000-01-01T08:00:00.000Z","0.0001","0.00030000000000000003"
"2020-05-20T20:00:00.000Z","XBTUSD","2000-01-01T08:00:00.000Z","0.0001","0.00030000000000000003"
"2020-05-21T04:00:00.000Z","XBTUSD","2000-01-01T08:00:00.000Z","0.0001","0.00030000000000000003"
"2020-05-21T12:00:00.000Z","XBTUSD","2000-01-01T08:00:00.000Z","0.000026","0.000078"
"2020-05-21T20:00:00.000Z","XBTUSD","2000-01-01T08:00:00.000Z","0.0001","0.00030000000000000003"
"2020-05-22T04:00:00.000Z","XBTUSD","2000-01-01T08:00:00.000Z","0.0001","0.00030000000000000003"
"2020-05-22T12:00:00.000Z","XBTUSD","2000-01-01T08:00:00.000Z","0.000033","0.00009900000000000001"
"2020-05-22T20:00:00.000Z","XBTUSD","2000-01-01T08:00:00.000Z","0.0001","0.00030000000000000003"
"2020-05-23T04:00:00.000Z","XBTUSD","2000-01-01T08:00:00.000Z","-0.000096","-0.000288"
"2020-05-23T12:00:00.000Z","XBTUSD","2000-01-01T08:00:00.000Z","-0.000038","-0.000114"
"2020-05-23T20:00:00.000Z","XBTUSD","2000-01-01T08:00:00.000Z","0.000089","0.000267"
"2020-05-24T04:00:00.000Z","XBTUSD","2000-01-01T08:00:00.000Z","0.000016","0.000048"
"2020-05-24T12:00:00.000Z","XBTUSD","2000-01-01T08:00:00.000Z","0.0001","0.00030000000000000003"
"2020-05-24T20:00:00.000Z","XBTUSD","2000-01-01T08:00:00.000Z","0.0001","0.00030000000000000003"
"2020-05-25T04:00:00.000Z","XBTUSD","2000-01-01T08:00:00.000Z","0.000023","0.000069"
"2020-05-25T12:00:00.000Z","XBTUSD","2000-01-01T08:00:00.000Z","-0.000215","-0.000645"
"2020-05-25T20:00:00.000Z","XBTUSD","2000-01-01T08:00:00.000Z","-0.000147","-0.000441"
"2020-05-26T04:00:00.000Z","XBTUSD","2000-01-01T08:00:00.000Z","-0.000075","-0.000225"
"2020-05-26T12:00:00.000Z","XBTUSD","2000-01-01T08:00:00.000Z","0.0001","0.00030000000000000003"
"2020-05-26T20:00:00.000Z","XBTUSD","2000-01-01T08:00:00.000Z","0.000095","0.000285"
"2020-05-27T04:00:00.000Z","XBTUSD","2000-01-01T08:00:00.000Z","-0.000109","-0.00032700000000000003"
"2020-05-27T12:00:00.000Z","XBTUSD","2000-01-01T08:00:00.000Z","0.000048","0.000144"
"2020-05-27T20:00:00.000Z","XBTUSD","2000-01-01T08:00:00.000Z","0.0001","0.00030000000000000003"
"2020-05-28T04:00:00.000Z","XBTUSD","2000-01-01T08:00:00.000Z","0.0001","0.00030000000000000003"
"2020-05-28T12:00:00.000Z","XBTUSD","2000-01-01T08:00:00.000Z","0.0001","0.00030000000000000003"
"2020-05-28T20:00:00.000Z","XBTUSD","2000-01-01T08:00:00.000Z","0.0001","0.00030000000000000003"
"2020-05-29T04:00:00.000Z","XBTUSD","2000-01-01T08:00:00.000Z","0.0001","0.00030000000000000003"
"2020-05-29T12:00:00.000Z","XBTUSD","2000-01-01T08:00:00.000Z","0.0001","0.00030000000000000003"
"2020-05-29T20:00:00.000Z","XBTUSD","2000-01-01T08:00:00.000Z","0.0001","0.00030000000000000003"
"2020-05-30T04:00:00.000Z","XBTUSD","2000-01-01T08:00:00.000Z","0.0001","0.00030000000000000003"
"2020-05-30T12:00:00.000Z","XBTUSD","2000-01-01T08:00:00.000Z","0.0001","0.00030000000000000003"
"2020-05-30T20:00:00.000Z","XBTUSD","2000-01-01T08:00:00.000Z","0.0001","0.00030000000000000003"
"2020-05-31T04:00:00.000Z","XBTUSD","2000-01-01T08:00:00.000Z","0.0001","0.00030000000000000003"
"2020-05-31T12:00:00.000Z","XBTUSD","2000-01-01T08:00:00.000Z","0.0001","0.00030000000000000003"
"2020-05-31T20:00:00.000Z","XBTUSD","2000-01-01T08:00:00.000Z","0.0001","0.00030000000000000003"
"2020-06-01T04:00:00.000Z","XBTUSD","2000-01-01T08:00:00.000Z","0.0001","0.00030000000000000003"
"2020-06-01T12:00:00.000Z","XBTUSD","2000-01-01T08:00:00.000Z","0.0001","0.00030000000000000003"
"2020-06-01T20:00:00.000Z","XBTUSD","2000-01-01T08:00:00.000Z","0.0001","0.00030000000000000003"
"2020-06-02T04:00:00.000Z","XBTUSD","2000-01-01T08:00:00.000Z","0.0001","0.00030000000000000003"
"2020-06-02T12:00:00.000Z","XBTUSD","2000-01-01T08:00:00.000Z","0.001644","0.004932000000000001"
"2020-06-02T20:00:00.000Z","XBTUSD","2000-01-01T08:00:00.000Z","0.000868","0.002604"
"2020-06-03T04:00:00.000Z","XBTUSD","2000-01-01T08:00:00.000Z","0.0001","0.00030000000000000003"
"2020-06-03T12:00:00.000Z","XBTUSD","2000-01-01T08:00:00.000Z","0.0001","0.00030000000000000003"
"2020-06-03T20:00:00.000Z","XBTUSD","2000-01-01T08:00:00.000Z","0.0001","0.00030000000000000003"
"2020-06-04T04:00:00.000Z","XBTUSD","2000-01-01T08:00:00.000Z","0.0001","0.00030000000000000003"
"2020-06-04T12:00:00.000Z","XBTUSD","2000-01-01T08:00:00.000Z","0.0001","0.00030000000000000003"
"2020-06-04T20:00:00.000Z","XBTUSD","2000-01-01T08:00:00.000Z","0.0001","0.00030000000000000003"
"2020-06-05T04:00:00.000Z","XBTUSD","2000-01-01T08:00:00.000Z","0.0001","0.00030000000000000003"
"2020-06-05T12:00:00.000Z","XBTUSD","2000-01-01T08:00:00.000Z","0.0001","0.00030000000000000003"
"2020-06-05T20:00:00.000Z","XBTUSD","2000-01-01T08:00:00.000Z","0.0001","0.00030000000000000003"
"2020-06-06T04:00:00.000Z","XBTUSD","2000-01-01T08:00:00.000Z","0.0001","0.00030000000000000003"
"2020-06-06T12:00:00.000Z","XBTUSD","2000-01-01T08:00:00.000Z","0.0001","0.00030000000000000003"
"2020-06-06T20:00:00.000Z","XBTUSD","2000-01-01T08:00:00.000Z","0.0001","0.00030000000000000003"
"2020-06-07T04:00:00.000Z","XBTUSD","2000-01-01T08:00:00.000Z","0.0001","0.00030000000000000003"
"2020-06-07T12:00:00.000Z","XBTUSD","2000-01-01T08:00:00.000Z","0.0001","0.00030000000000000003"
"2020-06-07T20:00:00.000Z","XBTUSD","2000-01-01T08:00:00.000Z","0.0001","0.00030000000000000003"
"2020-06-08T04:00:00.000Z","XBTUSD","2000-01-01T08:00:00.000Z","-0.000231","-0.000693"
"2020-06-08T12:00:00.000Z","XBTUSD","2000-01-01T08:00:00.000Z","0.0001","0.00030000000000000003"
"2020-06-08T20:00:00.000Z","XBTUSD","2000-01-01T08:00:00.000Z","0.000133","0.00039900000000000005"
"2020-06-09T04:00:00.000Z","XBTUSD","2000-01-01T08:00:00.000Z","0.0001","0.00030000000000000003"
"2020-06-09T12:00:00.000Z","XBTUSD","2000-01-01T08:00:00.000Z","0.0001","0.00030000000000000003"
"2020-06-09T20:00:00.000Z","XBTUSD","2000-01-01T08:00:00.000Z","0.0001","0.00030000000000000003"
"2020-06-10T04:00:00.000Z","XBTUSD","2000-01-01T08:00:00.000Z","0.0001","0.00030000000000000003"
"2020-06-10T12:00:00.000Z","XBTUSD","2000-01-01T08:00:00.000Z","0.0001","0.00030000000000000003"
"2020-06-10T20:00:00.000Z","XBTUSD","2000-01-01T08:00:00.000Z","0.0001","0.00030000000000000003"
"2020-06-11T04:00:00.000Z","XBTUSD","2000-01-01T08:00:00.000Z","0.0001","0.00030000000000000003"
"2020-06-11T12:00:00.000Z","XBTUSD","2000-01-01T08:00:00.000Z","0.0001","0.00030000000000000003"
"2020-06-11T20:00:00.000Z","XBTUSD","2000-01-01T08:00:00.000Z","0.0001","0.00030000000000000003"
"2020-06-12T04:00:00.000Z","XBTUSD","2000-01-01T08:00:00.000Z","0.0001","0.00030000000000000003"
"2020-06-12T12:00:00.000Z","XBTUSD","2000-01-01T08:00:00.000Z","-0.000234","-0.0007019999999999999"
"2020-06-12T20:00:00.000Z","XBTUSD","2000-01-01T08:00:00.000Z","0.000007","0.000021"
"2020-06-13T04:00:00.000Z","XBTUSD","2000-01-01T08:00:00.000Z","0.0001","0.00030000000000000003"
"2020-06-13T12:00:00.000Z","XBTUSD","2000-01-01T08:00:00.000Z","0.0001","0.00030000000000000003"
"2020-06-13T20:00:00.000Z","XBTUSD","2000-01-01T08:00:00.000Z","0.0001","0.00030000000000000003"
"2020-06-14T04:00:00.000Z","XBTUSD","2000-01-01T08:00:00.000Z","-0.000104","-0.000312"
"2020-06-14T12:00:00.000Z","XBTUSD","2000-01-01T08:00:00.000Z","0.0001","0.00030000000000000003"
"2020-06-14T20:00:00.000Z","XBTUSD","2000-01-01T08:00:00.000Z","0.0001","0.00030000000000000003"
"2020-06-15T04:00:00.000Z","XBTUSD","2000-01-01T08:00:00.000Z","0.0001","0.00030000000000000003"
"2020-06-15T12:00:00.000Z","XBTUSD","2000-01-01T08:00:00.000Z","0.0001","0.00030000000000000003"
"2020-06-15T20:00:00.000Z","XBTUSD","2000-01-01T08:00:00.000Z","-0.000026","-0.000078"
"2020-06-16T04:00:00.000Z","XBTUSD","2000-01-01T08:00:00.000Z","0.000065","0.00019499999999999997"
"2020-06-16T12:00:00.000Z","XBTUSD","2000-01-01T08:00:00.000Z","0.0001","0.00030000000000000003"
"2020-06-16T20:00:00.000Z","XBTUSD","2000-01-01T08:00:00.000Z","0.0001","0.00030000000000000003"
"2020-06-17T04:00:00.000Z","XBTUSD","2000-01-01T08:00:00.000Z","0.0001","0.00030000000000000003"
"2020-06-17T12:00:00.000Z","XBTUSD","2000-01-01T08:00:00.000Z","0.000098","0.000294"
"2020-06-17T20:00:00.000Z","XBTUSD","2000-01-01T08:00:00.000Z","0.0001","0.00030000000000000003"
"2020-06-18T04:00:00.000Z","XBTUSD","2000-01-01T08:00:00.000Z","0.0001","0.00030000000000000003"
"2020-06-18T12:00:00.000Z","XBTUSD","2000-01-01T08:00:00.000Z","0.0001","0.00030000000000000003"
"2020-06-18T20:00:00.000Z","XBTUSD","2000-01-01T08:00:00.000Z","0.0001","0.00030000000000000003"
"2020-06-19T04:00:00.000Z","XBTUSD","2000-01-01T08:00:00.000Z","0.0001","0.00030000000000000003"
"2020-06-19T12:00:00.000Z","XBTUSD","2000-01-01T08:00:00.000Z","0.0001","0.00030000000000000003"
"2020-06-19T20:00:00.000Z","XBTUSD","2000-01-01T08:00:00.000Z","0.0001","0.00030000000000000003"
"2020-06-20T04:00:00.000Z","XBTUSD","2000-01-01T08:00:00.000Z","0.0001","0.00030000000000000003"
"2020-06-20T12:00:00.000Z","XBTUSD","2000-01-01T08:00:00.000Z","0.0001","0.00030000000000000003"
"2020-06-20T20:00:00.000Z","XBTUSD","2000-01-01T08:00:00.000Z","0.0001","0.00030000000000000003"
"2020-06-21T04:00:00.000Z","XBTUSD","2000-01-01T08:00:00.000Z","0.0001","0.00030000000000000003"
"2020-06-21T12:00:00.000Z","XBTUSD","2000-01-01T08:00:00.000Z","0.0001","0.00030000000000000003"
"2020-06-21T20:00:00.000Z","XBTUSD","2000-01-01T08:00:00.000Z","0.0001","0.00030000000000000003"
"2020-06-22T04:00:00.000Z","XBTUSD","2000-01-01T08:00:00.000Z","0.0001","0.00030000000000000003"
"2020-06-22T12:00:00.000Z","XBTUSD","2000-01-01T08:00:00.000Z","0.0001","0.00030000000000000003"
"2020-06-22T20:00:00.000Z","XBTUSD","2000-01-01T08:00:00.000Z","0.0001","0.00030000000000000003"
"2020-06-23T04:00:00.000Z","XBTUSD","2000-01-01T08:00:00.000Z","0.0001","0.00030000000000000003"
"2020-06-23T12:00:00.000Z","XBTUSD","2000-01-01T08:00:00.000Z","0.0001","0.00030000000000000003"
"2020-06-23T20:00:00.000Z","XBTUSD","2000-01-01T08:00:00.000Z","0.00017","0.00051"
"2020-06-24T04:00:00.000Z","XBTUSD","2000-01-01T08:00:00.000Z","0.0001","0.00030000000000000003"
"2020-06-24T12:00:00.000Z","XBTUSD","2000-01-01T08:00:00.000Z","0.0001","0.00030000000000000003"
"2020-06-24T20:00:00.000Z","XBTUSD","2000-01-01T08:00:00.000Z","0.0001","0.00030000000000000003"
"2020-06-25T04:00:00.000Z","XBTUSD","2000-01-01T08:00:00.000Z","0.0001","0.00030000000000000003"
"2020-06-25T12:00:00.000Z","XBTUSD","2000-01-01T08:00:00.000Z","0.000077","0.000231"
"2020-06-25T20:00:00.000Z","XBTUSD","2000-01-01T08:00:00.000Z","0.0001","0.00030000000000000003"
"2020-06-26T04:00:00.000Z","XBTUSD","2000-01-01T08:00:00.000Z","0.0001","0.00030000000000000003"
"2020-06-26T12:00:00.000Z","XBTUSD","2000-01-01T08:00:00.000Z","0.0001","0.00030000000000000003"
"2020-06-26T20:00:00.000Z","XBTUSD","2000-01-01T08:00:00.000Z","0.0001","0.00030000000000000003"
"2020-06-27T04:00:00.000Z","XBTUSD","2000-01-01T08:00:00.000Z","0.0001","0.00030000000000000003"
"2020-06-27T12:00:00.000Z","XBTUSD","2000-01-01T08:00:00.000Z","0.0001","0.00030000000000000003"
"2020-06-27T20:00:00.000Z","XBTUSD","2000-01-01T08:00:00.000Z","0.0001","0.00030000000000000003"
"2020-06-28T04:00:00.000Z","XBTUSD","2000-01-01T08:00:00.000Z","0.0001","0.00030000000000000003"
"2020-06-28T12:00:00.000Z","XBTUSD","2000-01-01T08:00:00.000Z","-0.000118","-0.000354"
"2020-06-28T20:00:00.000Z","XBTUSD","2000-01-01T08:00:00.000Z","0.000028","0.000084"
"2020-06-29T04:00:00.000Z","XBTUSD","2000-01-01T08:00:00.000Z","0.0001","0.00030000000000000003"
"2020-06-29T12:00:00.000Z","XBTUSD","2000-01-01T08:00:00.000Z","0.0001","0.00030000000000000003"
"2020-06-29T20:00:00.000Z","XBTUSD","2000-01-01T08:00:00.000Z","0.000097","0.000291"
"2020-06-30T04:00:00.000Z","XBTUSD","2000-01-01T08:00:00.000Z","0.0001","0.00030000000000000003"
"2020-06-30T12:00:00.000Z","XBTUSD","2000-01-01T08:00:00.000Z","0.0001","0.00030000000000000003"
"2020-06-30T20:00:00.000Z","XBTUSD","2000-01-01T08:00:00.000Z","0.0001","0.00030000000000000003"
"2020-07-01T04:00:00.000Z","XBTUSD","2000-01-01T08:00:00.000Z","0.000028","0.000084"
"2020-07-01T12:00:00.000Z","XBTUSD","2000-01-01T08:00:00.000Z","-0.000033","-0.00009900000000000001"
"2020-07-01T20:00:00.000Z","XBTUSD","2000-01-01T08:00:00.000Z","0.0001","0.00030000000000000003"
"2020-07-02T04:00:00.000Z","XBTUSD","2000-01-01T08:00:00.000Z","0.0001","0.00030000000000000003"
"2020-07-02T12:00:00.000Z","XBTUSD","2000-01-01T08:00:00.000Z","0.0001","0.00030000000000000003"
"2020-07-02T20:00:00.000Z","XBTUSD","2000-01-01T08:00:00.000Z","0.0001","0.00030000000000000003"
"2020-07-03T04:00:00.000Z","XBTUSD","2000-01-01T08:00:00.000Z","-0.000082","-0.000246"
"2020-07-03T12:00:00.000Z","XBTUSD","2000-01-01T08:00:00.000Z","0.000071","0.00021300000000000003"
"2020-07-03T20:00:00.000Z","XBTUSD","2000-01-01T08:00:00.000Z","0.0001","0.00030000000000000003"
"2020-07-04T04:00:00.000Z","XBTUSD","2000-01-01T08:00:00.000Z","0.000082","0.000246"
"2020-07-04T12:00:00.000Z","XBTUSD","2000-01-01T08:00:00.000Z","-0.000045","-0.000135"
"2020-07-04T20:00:00.000Z","XBTUSD","2000-01-01T08:00:00.000Z","0.0001","0.00030000000000000003"
"2020-07-05T04:00:00.000Z","XBTUSD","2000-01-01T08:00:00.000Z","0.0001","0.00030000000000000003"
"2020-07-05T12:00:00.000Z","XBTUSD","2000-01-01T08:00:00.000Z","0.0001","0.00030000000000000003"
"2020-07-05T20:00:00.000Z","XBTUSD","2000-01-01T08:00:00.000Z","-0.000076","-0.000228"
"2020-07-06T04:00:00.000Z","XBTUSD","2000-01-01T08:00:00.000Z","0.00005","0.00015000000000000001"
"2020-07-06T12:00:00.000Z","XBTUSD","2000-01-01T08:00:00.000Z","0.0001","0.00030000000000000003"
"2020-07-06T20:00:00.000Z","XBTUSD","2000-01-01T08:00:00.000Z","0.0001","0.00030000000000000003"
"2020-07-07T04:00:00.000Z","XBTUSD","2000-01-01T08:00:00.000Z","0.0001","0.00030000000000000003"
"2020-07-07T12:00:00.000Z","XBTUSD","2000-01-01T08:00:00.000Z","0.0001","0.00030000000000000003"
"2020-07-07T20:00:00.000Z","XBTUSD","2000-01-01T08:00:00.000Z","0.0001","0.00030000000000000003"
"2020-07-08T04:00:00.000Z","XBTUSD","2000-01-01T08:00:00.000Z","0.0001","0.00030000000000000003"
"2020-07-08T12:00:00.000Z","XBTUSD","2000-01-01T08:00:00.000Z","0.0001","0.00030000000000000003"
"2020-07-08T20:00:00.000Z","XBTUSD","2000-01-01T08:00:00.000Z","0.0001","0.00030000000000000003"
"2020-07-09T04:00:00.000Z","XBTUSD","2000-01-01T08:00:00.000Z","0.0001","0.00030000000000000003"
"2020-07-09T12:00:00.000Z","XBTUSD","2000-01-01T08:00:00.000Z","0.0001","0.00030000000000000003"
"2020-07-09T20:00:00.000Z","XBTUSD","2000-01-01T08:00:00.000Z","0.0001","0.00030000000000000003"
"2020-07-10T04:00:00.000Z","XBTUSD","2000-01-01T08:00:00.000Z","0.0001","0.00030000000000000003"
"2020-07-10T12:00:00.000Z","XBTUSD","2000-01-01T08:00:00.000Z","0.0001","0.00030000000000000003"
"2020-07-10T20:00:00.000Z","XBTUSD","2000-01-01T08:00:00.000Z","0.0001","0.00030000000000000003"
"2020-07-11T04:00:00.000Z","XBTUSD","2000-01-01T08:00:00.000Z","0.0001","0.00030000000000000003"
"2020-07-11T12:00:00.000Z","XBTUSD","2000-01-01T08:00:00.000Z","0.0001","0.00030000000000000003"
"2020-07-11T20:00:00.000Z","XBTUSD","2000-01-01T08:00:00.000Z","0.0001","0.00030000000000000003"
"2020-07-12T04:00:00.000Z","XBTUSD","2000-01-01T08:00:00.000Z","0.0001","0.00030000000000000003"
"2020-07-12T12:00:00.000Z","XBTUSD","2000-01-01T08:00:00.000Z","0.0001","0.00030000000000000003"
"2020-07-12T20:00:00.000Z","XBTUSD","2000-01-01T08:00:00.000Z","0.0001","0.00030000000000000003"
"2020-07-13T04:00:00.000Z","XBTUSD","2000-01-01T08:00:00.000Z","0.0001","0.00030000000000000003"
"2020-07-13T12:00:00.000Z","XBTUSD","2000-01-01T08:00:00.000Z","0.0001","0.00030000000000000003"
"2020-07-13T20:00:00.000Z","XBTUSD","2000-01-01T08:00:00.000Z","0.0001","0.00030000000000000003"
"2020-07-14T04:00:00.000Z","XBTUSD","2000-01-01T08:00:00.000Z","0.0001","0.00030000000000000003"
"2020-07-14T12:00:00.000Z","XBTUSD","2000-01-01T08:00:00.000Z","0.0001","0.00030000000000000003"
"2020-07-14T20:00:00.000Z","XBTUSD","2000-01-01T08:00:00.000Z","0.0001","0.00030000000000000003"
"2020-07-15T04:00:00.000Z","XBTUSD","2000-01-01T08:00:00.000Z","0.0001","0.00030000000000000003"
"2020-07-15T12:00:00.000Z","XBTUSD","2000-01-01T08:00:00.000Z","0.0001","0.00030000000000000003"
"2020-07-15T20:00:00.000Z","XBTUSD","2000-01-01T08:00:00.000Z","0.0001","0.00030000000000000003"
"2020-07-16T04:00:00.000Z","XBTUSD","2000-01-01T08:00:00.000Z","0.0001","0.00030000000000000003"
"2020-07-16T12:00:00.000Z","XBTUSD","2000-01-01T08:00:00.000Z","0.0001","0.00030000000000000003"
"2020-07-16T20:00:00.000Z","XBTUSD","2000-01-01T08:00:00.000Z","0.0001","0.00030000000000000003"
"2020-07-17T04:00:00.000Z","XBTUSD","2000-01-01T08:00:00.000Z","0.0001","0.00030000000000000003"
"2020-07-17T12:00:00.000Z","XBTUSD","2000-01-01T08:00:00.000Z","0.0001","0.00030000000000000003"
"2020-07-17T20:00:00.000Z","XBTUSD","2000-01-01T08:00:00.000Z","0.0001","0.00030000000000000003"
"2020-07-18T04:00:00.000Z","XBTUSD","2000-01-01T08:00:00.000Z","0.0001","0.00030000000000000003"
"2020-07-18T12:00:00.000Z","XBTUSD","2000-01-01T08:00:00.000Z","0.000021","0.000063"
"2020-07-18T20:00:00.000Z","XBTUSD","2000-01-01T08:00:00.000Z","0.0001","0.00030000000000000003"
"2020-07-19T04:00:00.000Z","XBTUSD","2000-01-01T08:00:00.000Z","0.0001","0.00030000000000000003"
"2020-07-19T12:00:00.000Z","XBTUSD","2000-01-01T08:00:00.000Z","0.0001","0.00030000000000000003"
"2020-07-19T20:00:00.000Z","XBTUSD","2000-01-01T08:00:00.000Z","0.0001","0.00030000000000000003"
"2020-07-20T04:00:00.000Z","XBTUSD","2000-01-01T08:00:00.000Z","0.0001","0.00030000000000000003"
"2020-07-20T12:00:00.000Z","XBTUSD","2000-01-01T08:00:00.000Z","0.0001","0.00030000000000000003"
"2020-07-20T20:00:00.000Z","XBTUSD","2000-01-01T08:00:00.000Z","0.0001","0.00030000000000000003"
"2020-07-21T04:00:00.000Z","XBTUSD","2000-01-01T08:00:00.000Z","0.0001","0.00030000000000000003"
"2020-07-21T12:00:00.000Z","XBTUSD","2000-01-01T08:00:00.000Z","0.0001","0.00030000000000000003"
"2020-07-21T20:00:00.000Z","XBTUSD","2000-01-01T08:00:00.000Z","0.0001","0.00030000000000000003"
"2020-07-22T04:00:00.000Z","XBTUSD","2000-01-01T08:00:00.000Z","0.0001","0.00030000000000000003"
"2020-07-22T12:00:00.000Z","XBTUSD","2000-01-01T08:00:00.000Z","0.0001","0.00030000000000000003"
"2020-07-22T20:00:00.000Z","XBTUSD","2000-01-01T08:00:00.000Z","0.0001","0.00030000000000000003"
"2020-07-23T04:00:00.000Z","XBTUSD","2000-01-01T08:00:00.000Z","0.0001","0.00030000000000000003"
"2020-07-23T12:00:00.000Z","XBTUSD","2000-01-01T08:00:00.000Z","0.0001","0.00030000000000000003"
"2020-07-23T20:00:00.000Z","XBTUSD","2000-01-01T08:00:00.000Z","0.0001","0.00030000000000000003"
"2020-07-24T04:00:00.000Z","XBTUSD","2000-01-01T08:00:00.000Z","0.0001","0.00030000000000000003"
"2020-07-24T12:00:00.000Z","XBTUSD","2000-01-01T08:00:00.000Z","0.0001","0.00030000000000000003"
"2020-07-24T20:00:00.000Z","XBTUSD","2000-01-01T08:00:00.000Z","0.0001","0.00030000000000000003"
"2020-07-25T04:00:00.000Z","XBTUSD","2000-01-01T08:00:00.000Z","0.0001","0.00030000000000000003"
"2020-07-25T12:00:00.000Z","XBTUSD","2000-01-01T08:00:00.000Z","0.0001","0.00030000000000000003"
"2020-07-25T20:00:00.000Z","XBTUSD","2000-01-01T08:00:00.000Z","0.0001","0.00030000000000000003"
"2020-07-26T04:00:00.000Z","XBTUSD","2000-01-01T08:00:00.000Z","0.0001","0.00030000000000000003"
"2020-07-26T12:00:00.000Z","XBTUSD","2000-01-01T08:00:00.000Z","0.0001","0.00030000000000000003"
"2020-07-26T20:00:00.000Z","XBTUSD","2000-01-01T08:00:00.000Z","0.000545","0.0016350000000000002"
"2020-07-27T04:00:00.000Z","XBTUSD","2000-01-01T08:00:00.000Z","0.000373","0.001119"
"2020-07-27T12:00:00.000Z","XBTUSD","2000-01-01T08:00:00.000Z","0.000272","0.000816"
"2020-07-27T20:00:00.000Z","XBTUSD","2000-01-01T08:00:00.000Z","0.00072","0.00216"
"2020-07-28T04:00:00.000Z","XBTUSD","2000-01-01T08:00:00.000Z","0.000356","0.001068"
"2020-07-28T12:00:00.000Z","XBTUSD","2000-01-01T08:00:00.000Z","0.000765","0.0022949999999999997"
"2020-07-28T20:00:00.000Z","XBTUSD","2000-01-01T08:00:00.000Z","0.000772","0.002316"
"2020-07-29T04:00:00.000Z","XBTUSD","2000-01-01T08:00:00.000Z","0.000462","0.001386"
"2020-07-29T12:00:00.000Z","XBTUSD","2000-01-01T08:00:00.000Z","0.000497","0.0014910000000000001"
